testSet,imageName,cityscapeName
testSet01,1.jpg,bochum_000000_000313_leftImg8bit.png
testSet01,10.jpg,aachen_000170_000019_leftImg8bit.png
testSet01,11.jpg,aachen_000172_000019_leftImg8bit.png
testSet01,12.jpg,aachen_000112_000019_leftImg8bit.png
testSet01,13.jpg,aachen_000173_000019_leftImg8bit.png
testSet01,14.jpg,aachen_000125_000019_leftImg8bit.png
testSet01,15.jpg,aachen_000126_000019_leftImg8bit.png
testSet01,16.jpg,aachen_000127_000019_leftImg8bit.png
testSet01,17.jpg,aachen_000128_000019_leftImg8bit.png
testSet01,18.jpg,bochum_000000_004032_leftImg8bit.png
testSet01,19.jpg,aachen_000129_000019_leftImg8bit.png
testSet01,2.jpg,aachen_000120_000019_leftImg8bit.png
testSet01,20.jpg,aachen_000130_000019_leftImg8bit.png
testSet01,21.jpg,aachen_000131_000019_leftImg8bit.png
testSet01,22.jpg,aachen_000132_000019_leftImg8bit.png
testSet01,23.jpg,aachen_000114_000019_leftImg8bit.png
testSet01,24.jpg,aachen_000122_000019_leftImg8bit.png
testSet01,25.jpg,aachen_000134_000019_leftImg8bit.png
testSet01,26.jpg,aachen_000136_000019_leftImg8bit.png
testSet01,27.jpg,aachen_000137_000019_leftImg8bit.png
testSet01,28.jpg,aachen_000140_000019_leftImg8bit.png
testSet01,29.jpg,aachen_000141_000019_leftImg8bit.png
testSet01,3.jpg,aachen_000164_000019_leftImg8bit.png
testSet01,30.jpg,aachen_000105_000019_leftImg8bit.png
testSet01,31.jpg,aachen_000142_000019_leftImg8bit.png
testSet01,32.jpg,aachen_000144_000019_leftImg8bit.png
testSet01,33.jpg,aachen_000145_000019_leftImg8bit.png
testSet01,34.jpg,aachen_000115_000019_leftImg8bit.png
testSet01,35.jpg,aachen_000146_000019_leftImg8bit.png
testSet01,36.jpg,aachen_000147_000019_leftImg8bit.png
testSet01,37.jpg,aachen_000121_000019_leftImg8bit.png
testSet01,38.jpg,aachen_000148_000019_leftImg8bit.png
testSet01,39.jpg,aachen_000149_000019_leftImg8bit.png
testSet01,4.jpg,aachen_000165_000019_leftImg8bit.png
testSet01,40.jpg,aachen_000150_000019_leftImg8bit.png
testSet01,41.jpg,aachen_000151_000019_leftImg8bit.png
testSet01,42.jpg,aachen_000107_000019_leftImg8bit.png
testSet01,43.jpg,aachen_000153_000019_leftImg8bit.png
testSet01,44.jpg,aachen_000154_000019_leftImg8bit.png
testSet01,45.jpg,aachen_000119_000019_leftImg8bit.png
testSet01,46.jpg,aachen_000155_000019_leftImg8bit.png
testSet01,47.jpg,aachen_000156_000019_leftImg8bit.png
testSet01,48.jpg,aachen_000157_000019_leftImg8bit.png
testSet01,49.jpg,aachen_000158_000019_leftImg8bit.png
testSet01,5.jpg,aachen_000166_000019_leftImg8bit.png
testSet01,50.jpg,aachen_000123_000019_leftImg8bit.png
testSet01,51.jpg,aachen_000159_000019_leftImg8bit.png
testSet01,52.jpg,aachen_000161_000019_leftImg8bit.png
testSet01,53.jpg,aachen_000162_000019_leftImg8bit.png
testSet01,54.jpg,aachen_000110_000019_leftImg8bit.png
testSet01,55.jpg,aachen_000163_000019_leftImg8bit.png
testSet01,6.jpg,aachen_000167_000019_leftImg8bit.png
testSet01,7.jpg,aachen_000168_000019_leftImg8bit.png
testSet01,8.jpg,aachen_000169_000019_leftImg8bit.png
testSet01,9.jpg,aachen_000124_000019_leftImg8bit.png
testSet02,1.jpg,bochum_000000_004748_leftImg8bit.png
testSet02,10.jpg,bochum_000000_008448_leftImg8bit.png
testSet02,11.jpg,bochum_000000_008804_leftImg8bit.png
testSet02,12.jpg,bochum_000000_009554_leftImg8bit.png
testSet02,13.jpg,bochum_000000_009951_leftImg8bit.png
testSet02,14.jpg,bochum_000000_010562_leftImg8bit.png
testSet02,15.jpg,bochum_000000_010700_leftImg8bit.png
testSet02,16.jpg,bochum_000000_011255_leftImg8bit.png
testSet02,17.jpg,bochum_000000_011711_leftImg8bit.png
testSet02,18.jpg,bochum_000000_013209_leftImg8bit.png
testSet02,19.jpg,bochum_000000_013705_leftImg8bit.png
testSet02,2.jpg,bochum_000000_005537_leftImg8bit.png
testSet02,20.jpg,bochum_000000_014332_leftImg8bit.png
testSet02,21.jpg,bochum_000000_014658_leftImg8bit.png
testSet02,22.jpg,bochum_000000_014803_leftImg8bit.png
testSet02,23.jpg,bochum_000000_015038_leftImg8bit.png
testSet02,24.jpg,bochum_000000_015321_leftImg8bit.png
testSet02,25.jpg,bochum_000000_015880_leftImg8bit.png
testSet02,26.jpg,bochum_000000_016260_leftImg8bit.png
testSet02,27.jpg,bochum_000000_016591_leftImg8bit.png
testSet02,28.jpg,bochum_000000_016758_leftImg8bit.png
testSet02,29.jpg,bochum_000000_017216_leftImg8bit.png
testSet02,3.jpg,bochum_000000_005936_leftImg8bit.png
testSet02,30.jpg,bochum_000000_017453_leftImg8bit.png
testSet02,31.jpg,bochum_000000_018195_leftImg8bit.png
testSet02,32.jpg,bochum_000000_019188_leftImg8bit.png
testSet02,33.jpg,bochum_000000_020673_leftImg8bit.png
testSet02,34.jpg,bochum_000000_020776_leftImg8bit.png
testSet02,35.jpg,bochum_000000_020899_leftImg8bit.png
testSet02,36.jpg,bochum_000000_021070_leftImg8bit.png
testSet02,37.jpg,bochum_000000_021479_leftImg8bit.png
testSet02,38.jpg,bochum_000000_021606_leftImg8bit.png
testSet02,39.jpg,bochum_000000_022414_leftImg8bit.png
testSet02,4.jpg,bochum_000000_006026_leftImg8bit.png
testSet02,40.jpg,bochum_000000_023040_leftImg8bit.png
testSet02,41.jpg,bochum_000000_023174_leftImg8bit.png
testSet02,42.jpg,bochum_000000_023435_leftImg8bit.png
testSet02,43.jpg,bochum_000000_023648_leftImg8bit.png
testSet02,44.jpg,bochum_000000_024196_leftImg8bit.png
testSet02,45.jpg,bochum_000000_024343_leftImg8bit.png
testSet02,46.jpg,bochum_000000_024524_leftImg8bit.png
testSet02,47.jpg,bochum_000000_024717_leftImg8bit.png
testSet02,48.jpg,bochum_000000_024855_leftImg8bit.png
testSet02,49.jpg,bochum_000000_025746_leftImg8bit.png
testSet02,5.jpg,bochum_000000_006746_leftImg8bit.png
testSet02,50.jpg,bochum_000000_025833_leftImg8bit.png
testSet02,51.jpg,bochum_000000_026056_leftImg8bit.png
testSet02,52.jpg,bochum_000000_027057_leftImg8bit.png
testSet02,53.jpg,bochum_000000_027699_leftImg8bit.png
testSet02,54.jpg,bochum_000000_027951_leftImg8bit.png
testSet02,55.jpg,bochum_000000_028297_leftImg8bit.png
testSet02,56.jpg,bochum_000000_028764_leftImg8bit.png
testSet02,57.jpg,bochum_000000_029203_leftImg8bit.png
testSet02,58.jpg,bochum_000000_029721_leftImg8bit.png
testSet02,59.jpg,bochum_000000_030913_leftImg8bit.png
testSet02,6.jpg,bochum_000000_007150_leftImg8bit.png
testSet02,60.jpg,bochum_000000_031477_leftImg8bit.png
testSet02,61.jpg,bochum_000000_031687_leftImg8bit.png
testSet02,62.jpg,bochum_000000_032169_leftImg8bit.png
testSet02,63.jpg,bochum_000000_033056_leftImg8bit.png
testSet02,64.jpg,bochum_000000_033331_leftImg8bit.png
testSet02,65.jpg,bochum_000000_033531_leftImg8bit.png
testSet02,66.jpg,bochum_000000_033714_leftImg8bit.png
testSet02,67.jpg,bochum_000000_034936_leftImg8bit.png
testSet02,68.jpg,bochum_000000_035958_leftImg8bit.png
testSet02,69.jpg,bochum_000000_036606_leftImg8bit.png
testSet02,7.jpg,bochum_000000_007651_leftImg8bit.png
testSet02,70.jpg,bochum_000000_037039_leftImg8bit.png
testSet02,71.jpg,bochum_000000_037223_leftImg8bit.png
testSet02,72.jpg,bochum_000000_037829_leftImg8bit.png
testSet02,73.jpg,bochum_000000_038022_leftImg8bit.png
testSet02,74.jpg,bochum_000000_038150_leftImg8bit.png
testSet02,8.jpg,bochum_000000_007950_leftImg8bit.png
testSet02,9.jpg,bochum_000000_008162_leftImg8bit.png
testSet03,1.jpg,bremen_000001_000019_leftImg8bit.png
testSet03,10.jpg,bremen_000011_000019_leftImg8bit.png
testSet03,100.jpg,bremen_000117_000019_leftImg8bit.png
testSet03,101.jpg,bremen_000119_000019_leftImg8bit.png
testSet03,102.jpg,bremen_000120_000019_leftImg8bit.png
testSet03,103.jpg,bremen_000121_000019_leftImg8bit.png
testSet03,104.jpg,bremen_000122_000019_leftImg8bit.png
testSet03,105.jpg,bremen_000123_000019_leftImg8bit.png
testSet03,106.jpg,bremen_000124_000019_leftImg8bit.png
testSet03,107.jpg,bremen_000125_000019_leftImg8bit.png
testSet03,108.jpg,bremen_000126_000019_leftImg8bit.png
testSet03,109.jpg,bremen_000127_000019_leftImg8bit.png
testSet03,11.jpg,bremen_000012_000019_leftImg8bit.png
testSet03,110.jpg,bremen_000128_000019_leftImg8bit.png
testSet03,111.jpg,bremen_000129_000019_leftImg8bit.png
testSet03,112.jpg,bremen_000130_000019_leftImg8bit.png
testSet03,113.jpg,bremen_000132_000019_leftImg8bit.png
testSet03,114.jpg,bremen_000133_000019_leftImg8bit.png
testSet03,115.jpg,bremen_000134_000019_leftImg8bit.png
testSet03,116.jpg,bremen_000135_000019_leftImg8bit.png
testSet03,117.jpg,bremen_000136_000019_leftImg8bit.png
testSet03,118.jpg,bremen_000137_000019_leftImg8bit.png
testSet03,119.jpg,bremen_000138_000019_leftImg8bit.png
testSet03,12.jpg,bremen_000013_000019_leftImg8bit.png
testSet03,120.jpg,bremen_000139_000019_leftImg8bit.png
testSet03,121.jpg,bremen_000140_000019_leftImg8bit.png
testSet03,122.jpg,bremen_000142_000019_leftImg8bit.png
testSet03,123.jpg,bremen_000143_000019_leftImg8bit.png
testSet03,124.jpg,bremen_000144_000019_leftImg8bit.png
testSet03,125.jpg,bremen_000145_000019_leftImg8bit.png
testSet03,126.jpg,bremen_000146_000019_leftImg8bit.png
testSet03,127.jpg,bremen_000147_000019_leftImg8bit.png
testSet03,128.jpg,bremen_000148_000019_leftImg8bit.png
testSet03,129.jpg,bremen_000149_000019_leftImg8bit.png
testSet03,13.jpg,bremen_000014_000019_leftImg8bit.png
testSet03,130.jpg,bremen_000150_000019_leftImg8bit.png
testSet03,131.jpg,bremen_000151_000019_leftImg8bit.png
testSet03,132.jpg,bremen_000152_000019_leftImg8bit.png
testSet03,133.jpg,bremen_000153_000019_leftImg8bit.png
testSet03,134.jpg,bremen_000154_000019_leftImg8bit.png
testSet03,135.jpg,bremen_000155_000019_leftImg8bit.png
testSet03,136.jpg,bremen_000156_000019_leftImg8bit.png
testSet03,137.jpg,bremen_000157_000019_leftImg8bit.png
testSet03,138.jpg,bremen_000158_000019_leftImg8bit.png
testSet03,139.jpg,bremen_000159_000019_leftImg8bit.png
testSet03,14.jpg,bremen_000015_000019_leftImg8bit.png
testSet03,140.jpg,bremen_000160_000019_leftImg8bit.png
testSet03,141.jpg,bremen_000161_000019_leftImg8bit.png
testSet03,142.jpg,bremen_000162_000019_leftImg8bit.png
testSet03,143.jpg,bremen_000163_000019_leftImg8bit.png
testSet03,144.jpg,bremen_000164_000019_leftImg8bit.png
testSet03,145.jpg,bremen_000165_000019_leftImg8bit.png
testSet03,146.jpg,bremen_000166_000019_leftImg8bit.png
testSet03,147.jpg,bremen_000167_000019_leftImg8bit.png
testSet03,148.jpg,bremen_000168_000019_leftImg8bit.png
testSet03,149.jpg,bremen_000169_000019_leftImg8bit.png
testSet03,15.jpg,bremen_000016_000019_leftImg8bit.png
testSet03,150.jpg,bremen_000170_000019_leftImg8bit.png
testSet03,151.jpg,bremen_000171_000019_leftImg8bit.png
testSet03,152.jpg,bremen_000172_000019_leftImg8bit.png
testSet03,153.jpg,bremen_000173_000019_leftImg8bit.png
testSet03,154.jpg,bremen_000174_000019_leftImg8bit.png
testSet03,155.jpg,bremen_000175_000019_leftImg8bit.png
testSet03,156.jpg,bremen_000176_000019_leftImg8bit.png
testSet03,157.jpg,bremen_000177_000019_leftImg8bit.png
testSet03,158.jpg,bremen_000178_000019_leftImg8bit.png
testSet03,159.jpg,bremen_000179_000019_leftImg8bit.png
testSet03,16.jpg,bremen_000017_000019_leftImg8bit.png
testSet03,160.jpg,bremen_000180_000019_leftImg8bit.png
testSet03,161.jpg,bremen_000181_000019_leftImg8bit.png
testSet03,162.jpg,bremen_000182_000019_leftImg8bit.png
testSet03,163.jpg,bremen_000183_000019_leftImg8bit.png
testSet03,164.jpg,bremen_000184_000019_leftImg8bit.png
testSet03,165.jpg,bremen_000185_000019_leftImg8bit.png
testSet03,166.jpg,bremen_000187_000019_leftImg8bit.png
testSet03,167.jpg,bremen_000188_000019_leftImg8bit.png
testSet03,168.jpg,bremen_000189_000019_leftImg8bit.png
testSet03,169.jpg,bremen_000190_000019_leftImg8bit.png
testSet03,17.jpg,bremen_000018_000019_leftImg8bit.png
testSet03,170.jpg,bremen_000192_000019_leftImg8bit.png
testSet03,171.jpg,bremen_000193_000019_leftImg8bit.png
testSet03,172.jpg,bremen_000194_000019_leftImg8bit.png
testSet03,173.jpg,bremen_000195_000019_leftImg8bit.png
testSet03,174.jpg,bremen_000196_000019_leftImg8bit.png
testSet03,175.jpg,bremen_000197_000019_leftImg8bit.png
testSet03,176.jpg,bremen_000198_000019_leftImg8bit.png
testSet03,177.jpg,bremen_000199_000019_leftImg8bit.png
testSet03,178.jpg,bremen_000200_000019_leftImg8bit.png
testSet03,179.jpg,bremen_000201_000019_leftImg8bit.png
testSet03,18.jpg,bremen_000019_000019_leftImg8bit.png
testSet03,180.jpg,bremen_000202_000019_leftImg8bit.png
testSet03,181.jpg,bremen_000203_000019_leftImg8bit.png
testSet03,182.jpg,bremen_000205_000019_leftImg8bit.png
testSet03,183.jpg,bremen_000206_000019_leftImg8bit.png
testSet03,184.jpg,bremen_000207_000019_leftImg8bit.png
testSet03,185.jpg,bremen_000208_000019_leftImg8bit.png
testSet03,186.jpg,bremen_000209_000019_leftImg8bit.png
testSet03,187.jpg,bremen_000210_000019_leftImg8bit.png
testSet03,188.jpg,bremen_000212_000019_leftImg8bit.png
testSet03,189.jpg,bremen_000213_000019_leftImg8bit.png
testSet03,19.jpg,bremen_000020_000019_leftImg8bit.png
testSet03,190.jpg,bremen_000214_000019_leftImg8bit.png
testSet03,191.jpg,bremen_000215_000019_leftImg8bit.png
testSet03,192.jpg,bremen_000216_000019_leftImg8bit.png
testSet03,193.jpg,bremen_000217_000019_leftImg8bit.png
testSet03,194.jpg,bremen_000218_000019_leftImg8bit.png
testSet03,195.jpg,bremen_000219_000019_leftImg8bit.png
testSet03,196.jpg,bremen_000220_000019_leftImg8bit.png
testSet03,197.jpg,bremen_000221_000019_leftImg8bit.png
testSet03,198.jpg,bremen_000222_000019_leftImg8bit.png
testSet03,199.jpg,bremen_000223_000019_leftImg8bit.png
testSet03,2.jpg,bremen_000003_000019_leftImg8bit.png
testSet03,20.jpg,bremen_000021_000019_leftImg8bit.png
testSet03,200.jpg,bremen_000224_000019_leftImg8bit.png
testSet03,201.jpg,bremen_000225_000019_leftImg8bit.png
testSet03,202.jpg,bremen_000226_000019_leftImg8bit.png
testSet03,203.jpg,bremen_000227_000019_leftImg8bit.png
testSet03,204.jpg,bremen_000228_000019_leftImg8bit.png
testSet03,205.jpg,bremen_000229_000019_leftImg8bit.png
testSet03,206.jpg,bremen_000230_000019_leftImg8bit.png
testSet03,207.jpg,bremen_000231_000019_leftImg8bit.png
testSet03,208.jpg,bremen_000232_000019_leftImg8bit.png
testSet03,209.jpg,bremen_000233_000019_leftImg8bit.png
testSet03,21.jpg,bremen_000022_000019_leftImg8bit.png
testSet03,210.jpg,bremen_000234_000019_leftImg8bit.png
testSet03,211.jpg,bremen_000235_000019_leftImg8bit.png
testSet03,212.jpg,bremen_000236_000019_leftImg8bit.png
testSet03,213.jpg,bremen_000237_000019_leftImg8bit.png
testSet03,214.jpg,bremen_000238_000019_leftImg8bit.png
testSet03,215.jpg,bremen_000239_000019_leftImg8bit.png
testSet03,216.jpg,bremen_000240_000019_leftImg8bit.png
testSet03,217.jpg,bremen_000241_000019_leftImg8bit.png
testSet03,218.jpg,bremen_000242_000019_leftImg8bit.png
testSet03,219.jpg,bremen_000243_000019_leftImg8bit.png
testSet03,22.jpg,bremen_000024_000019_leftImg8bit.png
testSet03,220.jpg,bremen_000244_000019_leftImg8bit.png
testSet03,221.jpg,bremen_000245_000019_leftImg8bit.png
testSet03,222.jpg,bremen_000246_000019_leftImg8bit.png
testSet03,223.jpg,bremen_000247_000019_leftImg8bit.png
testSet03,224.jpg,bremen_000248_000019_leftImg8bit.png
testSet03,225.jpg,bremen_000249_000019_leftImg8bit.png
testSet03,226.jpg,bremen_000250_000019_leftImg8bit.png
testSet03,227.jpg,bremen_000251_000019_leftImg8bit.png
testSet03,228.jpg,bremen_000252_000019_leftImg8bit.png
testSet03,229.jpg,bremen_000253_000019_leftImg8bit.png
testSet03,23.jpg,bremen_000025_000019_leftImg8bit.png
testSet03,230.jpg,bremen_000254_000019_leftImg8bit.png
testSet03,231.jpg,bremen_000255_000019_leftImg8bit.png
testSet03,232.jpg,bremen_000256_000019_leftImg8bit.png
testSet03,233.jpg,bremen_000257_000019_leftImg8bit.png
testSet03,234.jpg,bremen_000258_000019_leftImg8bit.png
testSet03,235.jpg,bremen_000259_000019_leftImg8bit.png
testSet03,236.jpg,bremen_000260_000019_leftImg8bit.png
testSet03,237.jpg,bremen_000261_000019_leftImg8bit.png
testSet03,238.jpg,bremen_000262_000019_leftImg8bit.png
testSet03,239.jpg,bremen_000263_000019_leftImg8bit.png
testSet03,24.jpg,bremen_000027_000019_leftImg8bit.png
testSet03,240.jpg,bremen_000264_000019_leftImg8bit.png
testSet03,241.jpg,bremen_000265_000019_leftImg8bit.png
testSet03,242.jpg,bremen_000266_000019_leftImg8bit.png
testSet03,243.jpg,bremen_000267_000019_leftImg8bit.png
testSet03,244.jpg,bremen_000268_000019_leftImg8bit.png
testSet03,245.jpg,bremen_000269_000019_leftImg8bit.png
testSet03,246.jpg,bremen_000270_000019_leftImg8bit.png
testSet03,247.jpg,bremen_000271_000019_leftImg8bit.png
testSet03,248.jpg,bremen_000272_000019_leftImg8bit.png
testSet03,249.jpg,bremen_000273_000019_leftImg8bit.png
testSet03,25.jpg,bremen_000030_000019_leftImg8bit.png
testSet03,250.jpg,bremen_000274_000019_leftImg8bit.png
testSet03,251.jpg,bremen_000275_000019_leftImg8bit.png
testSet03,252.jpg,bremen_000276_000019_leftImg8bit.png
testSet03,253.jpg,bremen_000277_000019_leftImg8bit.png
testSet03,254.jpg,bremen_000278_000019_leftImg8bit.png
testSet03,255.jpg,bremen_000279_000019_leftImg8bit.png
testSet03,256.jpg,bremen_000280_000019_leftImg8bit.png
testSet03,257.jpg,bremen_000281_000019_leftImg8bit.png
testSet03,258.jpg,bremen_000282_000019_leftImg8bit.png
testSet03,259.jpg,bremen_000283_000019_leftImg8bit.png
testSet03,26.jpg,bremen_000031_000019_leftImg8bit.png
testSet03,260.jpg,bremen_000284_000019_leftImg8bit.png
testSet03,261.jpg,bremen_000285_000019_leftImg8bit.png
testSet03,262.jpg,bremen_000286_000019_leftImg8bit.png
testSet03,263.jpg,bremen_000287_000019_leftImg8bit.png
testSet03,264.jpg,bremen_000288_000019_leftImg8bit.png
testSet03,265.jpg,bremen_000289_000019_leftImg8bit.png
testSet03,266.jpg,bremen_000290_000019_leftImg8bit.png
testSet03,267.jpg,bremen_000291_000019_leftImg8bit.png
testSet03,268.jpg,bremen_000292_000019_leftImg8bit.png
testSet03,269.jpg,bremen_000293_000019_leftImg8bit.png
testSet03,27.jpg,bremen_000032_000019_leftImg8bit.png
testSet03,270.jpg,bremen_000294_000019_leftImg8bit.png
testSet03,271.jpg,bremen_000295_000019_leftImg8bit.png
testSet03,272.jpg,bremen_000296_000019_leftImg8bit.png
testSet03,273.jpg,bremen_000297_000019_leftImg8bit.png
testSet03,274.jpg,bremen_000298_000019_leftImg8bit.png
testSet03,275.jpg,bremen_000299_000019_leftImg8bit.png
testSet03,276.jpg,bremen_000300_000019_leftImg8bit.png
testSet03,277.jpg,bremen_000301_000019_leftImg8bit.png
testSet03,278.jpg,bremen_000302_000019_leftImg8bit.png
testSet03,279.jpg,bremen_000303_000019_leftImg8bit.png
testSet03,28.jpg,bremen_000034_000019_leftImg8bit.png
testSet03,280.jpg,bremen_000304_000019_leftImg8bit.png
testSet03,281.jpg,bremen_000305_000019_leftImg8bit.png
testSet03,282.jpg,bremen_000306_000019_leftImg8bit.png
testSet03,283.jpg,bremen_000307_000019_leftImg8bit.png
testSet03,284.jpg,bremen_000308_000019_leftImg8bit.png
testSet03,285.jpg,bremen_000309_000019_leftImg8bit.png
testSet03,286.jpg,bremen_000310_000019_leftImg8bit.png
testSet03,287.jpg,bremen_000311_000019_leftImg8bit.png
testSet03,288.jpg,bremen_000312_000019_leftImg8bit.png
testSet03,289.jpg,bremen_000313_000019_leftImg8bit.png
testSet03,29.jpg,bremen_000039_000019_leftImg8bit.png
testSet03,290.jpg,bremen_000314_000019_leftImg8bit.png
testSet03,291.jpg,bremen_000315_000019_leftImg8bit.png
testSet03,3.jpg,bremen_000004_000019_leftImg8bit.png
testSet03,30.jpg,bremen_000040_000019_leftImg8bit.png
testSet03,31.jpg,bremen_000041_000019_leftImg8bit.png
testSet03,32.jpg,bremen_000043_000019_leftImg8bit.png
testSet03,33.jpg,bremen_000044_000019_leftImg8bit.png
testSet03,34.jpg,bremen_000045_000019_leftImg8bit.png
testSet03,35.jpg,bremen_000046_000019_leftImg8bit.png
testSet03,36.jpg,bremen_000047_000019_leftImg8bit.png
testSet03,37.jpg,bremen_000049_000019_leftImg8bit.png
testSet03,38.jpg,bremen_000050_000019_leftImg8bit.png
testSet03,39.jpg,bremen_000051_000019_leftImg8bit.png
testSet03,4.jpg,bremen_000005_000019_leftImg8bit.png
testSet03,40.jpg,bremen_000052_000019_leftImg8bit.png
testSet03,41.jpg,bremen_000053_000019_leftImg8bit.png
testSet03,42.jpg,bremen_000054_000019_leftImg8bit.png
testSet03,43.jpg,bremen_000056_000019_leftImg8bit.png
testSet03,44.jpg,bremen_000057_000019_leftImg8bit.png
testSet03,45.jpg,bremen_000058_000019_leftImg8bit.png
testSet03,46.jpg,bremen_000059_000019_leftImg8bit.png
testSet03,47.jpg,bremen_000060_000019_leftImg8bit.png
testSet03,48.jpg,bremen_000061_000019_leftImg8bit.png
testSet03,49.jpg,bremen_000062_000019_leftImg8bit.png
testSet03,5.jpg,bremen_000006_000019_leftImg8bit.png
testSet03,50.jpg,bremen_000063_000019_leftImg8bit.png
testSet03,51.jpg,bremen_000065_000019_leftImg8bit.png
testSet03,52.jpg,bremen_000066_000019_leftImg8bit.png
testSet03,53.jpg,bremen_000067_000019_leftImg8bit.png
testSet03,54.jpg,bremen_000068_000019_leftImg8bit.png
testSet03,55.jpg,bremen_000069_000019_leftImg8bit.png
testSet03,56.jpg,bremen_000070_000019_leftImg8bit.png
testSet03,57.jpg,bremen_000071_000019_leftImg8bit.png
testSet03,58.jpg,bremen_000072_000019_leftImg8bit.png
testSet03,59.jpg,bremen_000073_000019_leftImg8bit.png
testSet03,6.jpg,bremen_000007_000019_leftImg8bit.png
testSet03,60.jpg,bremen_000074_000019_leftImg8bit.png
testSet03,61.jpg,bremen_000075_000019_leftImg8bit.png
testSet03,62.jpg,bremen_000076_000019_leftImg8bit.png
testSet03,63.jpg,bremen_000077_000019_leftImg8bit.png
testSet03,64.jpg,bremen_000078_000019_leftImg8bit.png
testSet03,65.jpg,bremen_000079_000019_leftImg8bit.png
testSet03,66.jpg,bremen_000080_000019_leftImg8bit.png
testSet03,67.jpg,bremen_000082_000019_leftImg8bit.png
testSet03,68.jpg,bremen_000083_000019_leftImg8bit.png
testSet03,69.jpg,bremen_000084_000019_leftImg8bit.png
testSet03,7.jpg,bremen_000008_000019_leftImg8bit.png
testSet03,70.jpg,bremen_000085_000019_leftImg8bit.png
testSet03,71.jpg,bremen_000086_000019_leftImg8bit.png
testSet03,72.jpg,bremen_000087_000019_leftImg8bit.png
testSet03,73.jpg,bremen_000088_000019_leftImg8bit.png
testSet03,74.jpg,bremen_000089_000019_leftImg8bit.png
testSet03,75.jpg,bremen_000091_000019_leftImg8bit.png
testSet03,76.jpg,bremen_000092_000019_leftImg8bit.png
testSet03,77.jpg,bremen_000093_000019_leftImg8bit.png
testSet03,78.jpg,bremen_000094_000019_leftImg8bit.png
testSet03,79.jpg,bremen_000095_000019_leftImg8bit.png
testSet03,8.jpg,bremen_000009_000019_leftImg8bit.png
testSet03,80.jpg,bremen_000096_000019_leftImg8bit.png
testSet03,81.jpg,bremen_000097_000019_leftImg8bit.png
testSet03,82.jpg,bremen_000098_000019_leftImg8bit.png
testSet03,83.jpg,bremen_000099_000019_leftImg8bit.png
testSet03,84.jpg,bremen_000100_000019_leftImg8bit.png
testSet03,85.jpg,bremen_000101_000019_leftImg8bit.png
testSet03,86.jpg,bremen_000102_000019_leftImg8bit.png
testSet03,87.jpg,bremen_000103_000019_leftImg8bit.png
testSet03,88.jpg,bremen_000104_000019_leftImg8bit.png
testSet03,89.jpg,bremen_000106_000019_leftImg8bit.png
testSet03,9.jpg,bremen_000010_000019_leftImg8bit.png
testSet03,90.jpg,bremen_000107_000019_leftImg8bit.png
testSet03,91.jpg,bremen_000108_000019_leftImg8bit.png
testSet03,92.jpg,bremen_000109_000019_leftImg8bit.png
testSet03,93.jpg,bremen_000110_000019_leftImg8bit.png
testSet03,94.jpg,bremen_000111_000019_leftImg8bit.png
testSet03,95.jpg,bremen_000112_000019_leftImg8bit.png
testSet03,96.jpg,bremen_000113_000019_leftImg8bit.png
testSet03,97.jpg,bremen_000114_000019_leftImg8bit.png
testSet03,98.jpg,bremen_000115_000019_leftImg8bit.png
testSet03,99.jpg,bremen_000116_000019_leftImg8bit.png
testSet04,1.jpg,cologne_000000_000019_leftImg8bit.png
testSet04,10.jpg,cologne_000009_000019_leftImg8bit.png
testSet04,100.jpg,cologne_000107_000019_leftImg8bit.png
testSet04,101.jpg,cologne_000108_000019_leftImg8bit.png
testSet04,102.jpg,cologne_000109_000019_leftImg8bit.png
testSet04,103.jpg,cologne_000110_000019_leftImg8bit.png
testSet04,104.jpg,cologne_000111_000019_leftImg8bit.png
testSet04,105.jpg,cologne_000112_000019_leftImg8bit.png
testSet04,106.jpg,cologne_000113_000019_leftImg8bit.png
testSet04,107.jpg,cologne_000114_000019_leftImg8bit.png
testSet04,108.jpg,cologne_000115_000019_leftImg8bit.png
testSet04,109.jpg,cologne_000116_000019_leftImg8bit.png
testSet04,11.jpg,cologne_000010_000019_leftImg8bit.png
testSet04,110.jpg,cologne_000117_000019_leftImg8bit.png
testSet04,111.jpg,cologne_000118_000019_leftImg8bit.png
testSet04,112.jpg,cologne_000119_000019_leftImg8bit.png
testSet04,113.jpg,cologne_000120_000019_leftImg8bit.png
testSet04,114.jpg,cologne_000121_000019_leftImg8bit.png
testSet04,115.jpg,cologne_000122_000019_leftImg8bit.png
testSet04,116.jpg,cologne_000123_000019_leftImg8bit.png
testSet04,117.jpg,cologne_000124_000019_leftImg8bit.png
testSet04,118.jpg,cologne_000125_000019_leftImg8bit.png
testSet04,119.jpg,cologne_000126_000019_leftImg8bit.png
testSet04,12.jpg,cologne_000011_000019_leftImg8bit.png
testSet04,120.jpg,cologne_000127_000019_leftImg8bit.png
testSet04,121.jpg,cologne_000128_000019_leftImg8bit.png
testSet04,122.jpg,cologne_000129_000019_leftImg8bit.png
testSet04,123.jpg,cologne_000130_000019_leftImg8bit.png
testSet04,124.jpg,cologne_000131_000019_leftImg8bit.png
testSet04,125.jpg,cologne_000132_000019_leftImg8bit.png
testSet04,126.jpg,cologne_000133_000019_leftImg8bit.png
testSet04,127.jpg,cologne_000134_000019_leftImg8bit.png
testSet04,128.jpg,cologne_000135_000019_leftImg8bit.png
testSet04,129.jpg,cologne_000136_000019_leftImg8bit.png
testSet04,13.jpg,cologne_000012_000019_leftImg8bit.png
testSet04,130.jpg,cologne_000137_000019_leftImg8bit.png
testSet04,131.jpg,cologne_000138_000019_leftImg8bit.png
testSet04,132.jpg,cologne_000139_000019_leftImg8bit.png
testSet04,133.jpg,cologne_000140_000019_leftImg8bit.png
testSet04,134.jpg,cologne_000141_000019_leftImg8bit.png
testSet04,135.jpg,cologne_000142_000019_leftImg8bit.png
testSet04,136.jpg,cologne_000143_000019_leftImg8bit.png
testSet04,137.jpg,cologne_000144_000019_leftImg8bit.png
testSet04,138.jpg,cologne_000145_000019_leftImg8bit.png
testSet04,139.jpg,cologne_000146_000019_leftImg8bit.png
testSet04,14.jpg,cologne_000013_000019_leftImg8bit.png
testSet04,140.jpg,cologne_000147_000019_leftImg8bit.png
testSet04,141.jpg,cologne_000148_000019_leftImg8bit.png
testSet04,142.jpg,cologne_000149_000019_leftImg8bit.png
testSet04,143.jpg,cologne_000150_000019_leftImg8bit.png
testSet04,144.jpg,cologne_000151_000019_leftImg8bit.png
testSet04,145.jpg,cologne_000152_000019_leftImg8bit.png
testSet04,146.jpg,cologne_000153_000019_leftImg8bit.png
testSet04,15.jpg,cologne_000014_000019_leftImg8bit.png
testSet04,16.jpg,cologne_000015_000019_leftImg8bit.png
testSet04,17.jpg,cologne_000016_000019_leftImg8bit.png
testSet04,18.jpg,cologne_000017_000019_leftImg8bit.png
testSet04,19.jpg,cologne_000018_000019_leftImg8bit.png
testSet04,2.jpg,cologne_000001_000019_leftImg8bit.png
testSet04,20.jpg,cologne_000019_000019_leftImg8bit.png
testSet04,21.jpg,cologne_000020_000019_leftImg8bit.png
testSet04,22.jpg,cologne_000021_000019_leftImg8bit.png
testSet04,23.jpg,cologne_000022_000019_leftImg8bit.png
testSet04,24.jpg,cologne_000023_000019_leftImg8bit.png
testSet04,25.jpg,cologne_000024_000019_leftImg8bit.png
testSet04,26.jpg,cologne_000025_000019_leftImg8bit.png
testSet04,27.jpg,cologne_000026_000019_leftImg8bit.png
testSet04,28.jpg,cologne_000027_000019_leftImg8bit.png
testSet04,29.jpg,cologne_000028_000019_leftImg8bit.png
testSet04,3.jpg,cologne_000002_000019_leftImg8bit.png
testSet04,30.jpg,cologne_000029_000019_leftImg8bit.png
testSet04,31.jpg,cologne_000030_000019_leftImg8bit.png
testSet04,32.jpg,cologne_000031_000019_leftImg8bit.png
testSet04,33.jpg,cologne_000032_000019_leftImg8bit.png
testSet04,34.jpg,cologne_000033_000019_leftImg8bit.png
testSet04,35.jpg,cologne_000034_000019_leftImg8bit.png
testSet04,36.jpg,cologne_000035_000019_leftImg8bit.png
testSet04,37.jpg,cologne_000037_000019_leftImg8bit.png
testSet04,38.jpg,cologne_000038_000019_leftImg8bit.png
testSet04,39.jpg,cologne_000039_000019_leftImg8bit.png
testSet04,4.jpg,cologne_000003_000019_leftImg8bit.png
testSet04,40.jpg,cologne_000041_000019_leftImg8bit.png
testSet04,41.jpg,cologne_000043_000019_leftImg8bit.png
testSet04,42.jpg,cologne_000044_000019_leftImg8bit.png
testSet04,43.jpg,cologne_000045_000019_leftImg8bit.png
testSet04,44.jpg,cologne_000046_000019_leftImg8bit.png
testSet04,45.jpg,cologne_000047_000019_leftImg8bit.png
testSet04,46.jpg,cologne_000048_000019_leftImg8bit.png
testSet04,47.jpg,cologne_000050_000019_leftImg8bit.png
testSet04,48 (1).jpg,cologne_000051_000019_leftImg8bit.png
testSet04,48.jpg,cologne_000051_000019_leftImg8bit.png
testSet04,49 (1).jpg,cologne_000052_000019_leftImg8bit.png
testSet04,49.jpg,cologne_000052_000019_leftImg8bit.png
testSet04,5.jpg,cologne_000004_000019_leftImg8bit.png
testSet04,50.jpg,cologne_000053_000019_leftImg8bit.png
testSet04,51.jpg,cologne_000054_000019_leftImg8bit.png
testSet04,52.jpg,cologne_000055_000019_leftImg8bit.png
testSet04,53.jpg,cologne_000056_000019_leftImg8bit.png
testSet04,54.jpg,cologne_000057_000019_leftImg8bit.png
testSet04,55.jpg,cologne_000059_000019_leftImg8bit.png
testSet04,56.jpg,cologne_000060_000019_leftImg8bit.png
testSet04,57.jpg,cologne_000061_000019_leftImg8bit.png
testSet04,58.jpg,cologne_000062_000019_leftImg8bit.png
testSet04,59.jpg,cologne_000063_000019_leftImg8bit.png
testSet04,6.jpg,cologne_000005_000019_leftImg8bit.png
testSet04,60.jpg,cologne_000064_000019_leftImg8bit.png
testSet04,61.jpg,cologne_000065_000019_leftImg8bit.png
testSet04,62 (1).jpg,cologne_000066_000019_leftImg8bit.png
testSet04,62.jpg,cologne_000066_000019_leftImg8bit.png
testSet04,63.jpg,cologne_000067_000019_leftImg8bit.png
testSet04,64.jpg,cologne_000069_000019_leftImg8bit.png
testSet04,65.jpg,cologne_000070_000019_leftImg8bit.png
testSet04,66.jpg,cologne_000071_000019_leftImg8bit.png
testSet04,67.jpg,cologne_000072_000019_leftImg8bit.png
testSet04,68.jpg,cologne_000073_000019_leftImg8bit.png
testSet04,69.jpg,cologne_000074_000019_leftImg8bit.png
testSet04,7.jpg,cologne_000006_000019_leftImg8bit.png
testSet04,70.jpg,cologne_000076_000019_leftImg8bit.png
testSet04,71.jpg,cologne_000077_000019_leftImg8bit.png
testSet04,72.jpg,cologne_000078_000019_leftImg8bit.png
testSet04,73.jpg,cologne_000079_000019_leftImg8bit.png
testSet04,74 (1).jpg,cologne_000080_000019_leftImg8bit.png
testSet04,74.jpg,cologne_000080_000019_leftImg8bit.png
testSet04,75.jpg,cologne_000081_000019_leftImg8bit.png
testSet04,76 (1).jpg,cologne_000082_000019_leftImg8bit.png
testSet04,76.jpg,cologne_000082_000019_leftImg8bit.png
testSet04,77.jpg,cologne_000083_000019_leftImg8bit.png
testSet04,78.jpg,cologne_000084_000019_leftImg8bit.png
testSet04,79.jpg,cologne_000085_000019_leftImg8bit.png
testSet04,8.jpg,cologne_000007_000019_leftImg8bit.png
testSet04,80.jpg,cologne_000086_000019_leftImg8bit.png
testSet04,81.jpg,cologne_000087_000019_leftImg8bit.png
testSet04,82.jpg,cologne_000088_000019_leftImg8bit.png
testSet04,83.jpg,cologne_000089_000019_leftImg8bit.png
testSet04,84.jpg,cologne_000090_000019_leftImg8bit.png
testSet04,85.jpg,cologne_000091_000019_leftImg8bit.png
testSet04,86.jpg,cologne_000093_000019_leftImg8bit.png
testSet04,87.jpg,cologne_000094_000019_leftImg8bit.png
testSet04,88.jpg,cologne_000095_000019_leftImg8bit.png
testSet04,89 (1).jpg,cologne_000096_000019_leftImg8bit.png
testSet04,89.jpg,cologne_000096_000019_leftImg8bit.png
testSet04,9.jpg,cologne_000008_000019_leftImg8bit.png
testSet04,90.jpg,cologne_000097_000019_leftImg8bit.png
testSet04,91.jpg,cologne_000098_000019_leftImg8bit.png
testSet04,92.jpg,cologne_000099_000019_leftImg8bit.png
testSet04,93.jpg,cologne_000100_000019_leftImg8bit.png
testSet04,94.jpg,cologne_000101_000019_leftImg8bit.png
testSet04,95.jpg,cologne_000102_000019_leftImg8bit.png
testSet04,96.jpg,cologne_000103_000019_leftImg8bit.png
testSet04,97.jpg,cologne_000104_000019_leftImg8bit.png
testSet04,98.jpg,cologne_000105_000019_leftImg8bit.png
testSet04,99.jpg,cologne_000106_000019_leftImg8bit.png
testSet05,1.jpg,darmstadt_000000_000019_leftImg8bit.png
testSet05,10.jpg,darmstadt_000010_000019_leftImg8bit.png
testSet05,11.jpg,darmstadt_000011_000019_leftImg8bit.png
testSet05,12.jpg,darmstadt_000012_000019_leftImg8bit.png
testSet05,13.jpg,darmstadt_000013_000019_leftImg8bit.png
testSet05,14.jpg,darmstadt_000014_000019_leftImg8bit.png
testSet05,15.jpg,darmstadt_000015_000019_leftImg8bit.png
testSet05,16.jpg,darmstadt_000016_000019_leftImg8bit.png
testSet05,17.jpg,darmstadt_000017_000019_leftImg8bit.png
testSet05,18.jpg,darmstadt_000018_000019_leftImg8bit.png
testSet05,19.jpg,darmstadt_000019_000019_leftImg8bit.png
testSet05,2.jpg,darmstadt_000001_000019_leftImg8bit.png
testSet05,20.jpg,darmstadt_000020_000019_leftImg8bit.png
testSet05,21.jpg,darmstadt_000021_000019_leftImg8bit.png
testSet05,22.jpg,darmstadt_000022_000019_leftImg8bit.png
testSet05,23.jpg,darmstadt_000023_000019_leftImg8bit.png
testSet05,24.jpg,darmstadt_000024_000019_leftImg8bit.png
testSet05,25.jpg,darmstadt_000025_000019_leftImg8bit.png
testSet05,26.jpg,darmstadt_000026_000019_leftImg8bit.png
testSet05,27.jpg,darmstadt_000027_000019_leftImg8bit.png
testSet05,28.jpg,darmstadt_000028_000019_leftImg8bit.png
testSet05,29.jpg,darmstadt_000029_000019_leftImg8bit.png
testSet05,3.jpg,darmstadt_000002_000019_leftImg8bit.png
testSet05,30.jpg,darmstadt_000030_000019_leftImg8bit.png
testSet05,31.jpg,darmstadt_000031_000019_leftImg8bit.png
testSet05,32.jpg,darmstadt_000032_000019_leftImg8bit.png
testSet05,33.jpg,darmstadt_000033_000019_leftImg8bit.png
testSet05,34.jpg,darmstadt_000034_000019_leftImg8bit.png
testSet05,35.jpg,darmstadt_000035_000019_leftImg8bit.png
testSet05,36.jpg,darmstadt_000036_000019_leftImg8bit.png
testSet05,37.jpg,darmstadt_000037_000019_leftImg8bit.png
testSet05,38.jpg,darmstadt_000038_000019_leftImg8bit.png
testSet05,39.jpg,darmstadt_000039_000019_leftImg8bit.png
testSet05,4.jpg,darmstadt_000004_000019_leftImg8bit.png
testSet05,40.jpg,darmstadt_000040_000019_leftImg8bit.png
testSet05,41.jpg,darmstadt_000041_000019_leftImg8bit.png
testSet05,42.jpg,darmstadt_000042_000019_leftImg8bit.png
testSet05,43.jpg,darmstadt_000043_000019_leftImg8bit.png
testSet05,44.jpg,darmstadt_000044_000019_leftImg8bit.png
testSet05,45.jpg,darmstadt_000045_000019_leftImg8bit.png
testSet05,46.jpg,darmstadt_000046_000019_leftImg8bit.png
testSet05,47.jpg,darmstadt_000047_000019_leftImg8bit.png
testSet05,48.jpg,darmstadt_000048_000019_leftImg8bit.png
testSet05,49.jpg,darmstadt_000049_000019_leftImg8bit.png
testSet05,5.jpg,darmstadt_000005_000019_leftImg8bit.png
testSet05,50.jpg,darmstadt_000050_000019_leftImg8bit.png
testSet05,51.jpg,darmstadt_000051_000019_leftImg8bit.png
testSet05,52.jpg,darmstadt_000052_000019_leftImg8bit.png
testSet05,53.jpg,darmstadt_000053_000019_leftImg8bit.png
testSet05,54.jpg,darmstadt_000054_000019_leftImg8bit.png
testSet05,55.jpg,darmstadt_000055_000019_leftImg8bit.png
testSet05,56.jpg,darmstadt_000056_000019_leftImg8bit.png
testSet05,57.jpg,darmstadt_000057_000019_leftImg8bit.png
testSet05,58.jpg,darmstadt_000058_000019_leftImg8bit.png
testSet05,59.jpg,darmstadt_000059_000019_leftImg8bit.png
testSet05,6.jpg,darmstadt_000006_000019_leftImg8bit.png
testSet05,60.jpg,darmstadt_000060_000019_leftImg8bit.png
testSet05,61.jpg,darmstadt_000063_000019_leftImg8bit.png
testSet05,62.jpg,darmstadt_000065_000019_leftImg8bit.png
testSet05,63.jpg,darmstadt_000067_000019_leftImg8bit.png
testSet05,64.jpg,darmstadt_000068_000019_leftImg8bit.png
testSet05,65.jpg,darmstadt_000069_000019_leftImg8bit.png
testSet05,66.jpg,darmstadt_000070_000019_leftImg8bit.png
testSet05,67.jpg,darmstadt_000071_000019_leftImg8bit.png
testSet05,68.jpg,darmstadt_000072_000019_leftImg8bit.png
testSet05,69.jpg,darmstadt_000073_000019_leftImg8bit.png
testSet05,7.jpg,darmstadt_000007_000019_leftImg8bit.png
testSet05,70.jpg,darmstadt_000074_000019_leftImg8bit.png
testSet05,71.jpg,darmstadt_000075_000019_leftImg8bit.png
testSet05,72.jpg,darmstadt_000076_000019_leftImg8bit.png
testSet05,73.jpg,darmstadt_000077_000019_leftImg8bit.png
testSet05,74.jpg,darmstadt_000078_000019_leftImg8bit.png
testSet05,75.jpg,darmstadt_000079_000019_leftImg8bit.png
testSet05,76.jpg,darmstadt_000080_000019_leftImg8bit.png
testSet05,77.jpg,darmstadt_000081_000019_leftImg8bit.png
testSet05,78.jpg,darmstadt_000082_000019_leftImg8bit.png
testSet05,79.jpg,darmstadt_000084_000019_leftImg8bit.png
testSet05,8.jpg,darmstadt_000008_000019_leftImg8bit.png
testSet05,9.jpg,darmstadt_000009_000019_leftImg8bit.png
testSet06,1.jpg,dusseldorf_000000_000019_leftImg8bit.png
testSet06,10.jpg,dusseldorf_000009_000019_leftImg8bit.png
testSet06,100.jpg,dusseldorf_000104_000019_leftImg8bit.png
testSet06,101.jpg,dusseldorf_000105_000019_leftImg8bit.png
testSet06,102.jpg,dusseldorf_000106_000019_leftImg8bit.png
testSet06,103.jpg,dusseldorf_000107_000019_leftImg8bit.png
testSet06,104.jpg,dusseldorf_000108_000019_leftImg8bit.png
testSet06,105.jpg,dusseldorf_000109_000019_leftImg8bit.png
testSet06,106.jpg,dusseldorf_000110_000019_leftImg8bit.png
testSet06,107.jpg,dusseldorf_000111_000019_leftImg8bit.png
testSet06,108.jpg,dusseldorf_000112_000019_leftImg8bit.png
testSet06,109.jpg,dusseldorf_000114_000019_leftImg8bit.png
testSet06,11.jpg,dusseldorf_000010_000019_leftImg8bit.png
testSet06,110.jpg,dusseldorf_000115_000019_leftImg8bit.png
testSet06,111.jpg,dusseldorf_000116_000019_leftImg8bit.png
testSet06,112.jpg,dusseldorf_000117_000019_leftImg8bit.png
testSet06,113.jpg,dusseldorf_000118_000019_leftImg8bit.png
testSet06,114.jpg,dusseldorf_000119_000019_leftImg8bit.png
testSet06,115.jpg,dusseldorf_000120_000019_leftImg8bit.png
testSet06,116.jpg,dusseldorf_000121_000019_leftImg8bit.png
testSet06,117.jpg,dusseldorf_000122_000019_leftImg8bit.png
testSet06,118.jpg,dusseldorf_000123_000019_leftImg8bit.png
testSet06,119.jpg,dusseldorf_000124_000019_leftImg8bit.png
testSet06,12.jpg,dusseldorf_000011_000019_leftImg8bit.png
testSet06,120.jpg,dusseldorf_000125_000019_leftImg8bit.png
testSet06,121.jpg,dusseldorf_000126_000019_leftImg8bit.png
testSet06,122.jpg,dusseldorf_000127_000019_leftImg8bit.png
testSet06,123.jpg,dusseldorf_000128_000019_leftImg8bit.png
testSet06,124.jpg,dusseldorf_000129_000019_leftImg8bit.png
testSet06,125.jpg,dusseldorf_000130_000019_leftImg8bit.png
testSet06,126.jpg,dusseldorf_000131_000019_leftImg8bit.png
testSet06,127.jpg,dusseldorf_000132_000019_leftImg8bit.png
testSet06,128.jpg,dusseldorf_000133_000019_leftImg8bit.png
testSet06,129.jpg,dusseldorf_000134_000019_leftImg8bit.png
testSet06,13.jpg,dusseldorf_000012_000019_leftImg8bit.png
testSet06,130.jpg,dusseldorf_000135_000019_leftImg8bit.png
testSet06,131.jpg,dusseldorf_000136_000019_leftImg8bit.png
testSet06,132.jpg,dusseldorf_000137_000019_leftImg8bit.png
testSet06,133.jpg,dusseldorf_000138_000019_leftImg8bit.png
testSet06,134.jpg,dusseldorf_000139_000019_leftImg8bit.png
testSet06,135.jpg,dusseldorf_000140_000019_leftImg8bit.png
testSet06,136.jpg,dusseldorf_000142_000019_leftImg8bit.png
testSet06,137.jpg,dusseldorf_000143_000019_leftImg8bit.png
testSet06,138.jpg,dusseldorf_000144_000019_leftImg8bit.png
testSet06,139.jpg,dusseldorf_000145_000019_leftImg8bit.png
testSet06,14.jpg,dusseldorf_000013_000019_leftImg8bit.png
testSet06,140.jpg,dusseldorf_000147_000019_leftImg8bit.png
testSet06,141.jpg,dusseldorf_000148_000019_leftImg8bit.png
testSet06,142.jpg,dusseldorf_000149_000019_leftImg8bit.png
testSet06,143.jpg,dusseldorf_000150_000019_leftImg8bit.png
testSet06,144.jpg,dusseldorf_000151_000019_leftImg8bit.png
testSet06,145.jpg,dusseldorf_000152_000019_leftImg8bit.png
testSet06,146.jpg,dusseldorf_000153_000019_leftImg8bit.png
testSet06,147.jpg,dusseldorf_000154_000019_leftImg8bit.png
testSet06,148.jpg,dusseldorf_000155_000019_leftImg8bit.png
testSet06,149.jpg,dusseldorf_000156_000019_leftImg8bit.png
testSet06,15.jpg,dusseldorf_000014_000019_leftImg8bit.png
testSet06,150.jpg,dusseldorf_000157_000019_leftImg8bit.png
testSet06,151.jpg,dusseldorf_000158_000019_leftImg8bit.png
testSet06,152.jpg,dusseldorf_000159_000019_leftImg8bit.png
testSet06,153.jpg,dusseldorf_000160_000019_leftImg8bit.png
testSet06,154.jpg,dusseldorf_000161_000019_leftImg8bit.png
testSet06,155.jpg,dusseldorf_000162_000019_leftImg8bit.png
testSet06,156.jpg,dusseldorf_000163_000019_leftImg8bit.png
testSet06,157.jpg,dusseldorf_000164_000019_leftImg8bit.png
testSet06,158.jpg,dusseldorf_000165_000019_leftImg8bit.png
testSet06,159.jpg,dusseldorf_000166_000019_leftImg8bit.png
testSet06,16.jpg,dusseldorf_000015_000019_leftImg8bit.png
testSet06,160.jpg,dusseldorf_000167_000019_leftImg8bit.png
testSet06,161.jpg,dusseldorf_000168_000019_leftImg8bit.png
testSet06,162.jpg,dusseldorf_000169_000019_leftImg8bit.png
testSet06,163.jpg,dusseldorf_000170_000019_leftImg8bit.png
testSet06,164.jpg,dusseldorf_000171_000019_leftImg8bit.png
testSet06,165.jpg,dusseldorf_000172_000019_leftImg8bit.png
testSet06,166.jpg,dusseldorf_000173_000019_leftImg8bit.png
testSet06,167.jpg,dusseldorf_000174_000019_leftImg8bit.png
testSet06,168.jpg,dusseldorf_000175_000019_leftImg8bit.png
testSet06,169.jpg,dusseldorf_000176_000019_leftImg8bit.png
testSet06,17.jpg,dusseldorf_000016_000019_leftImg8bit.png
testSet06,170.jpg,dusseldorf_000177_000019_leftImg8bit.png
testSet06,171.jpg,dusseldorf_000178_000019_leftImg8bit.png
testSet06,172.jpg,dusseldorf_000179_000019_leftImg8bit.png
testSet06,173.jpg,dusseldorf_000180_000019_leftImg8bit.png
testSet06,174.jpg,dusseldorf_000181_000019_leftImg8bit.png
testSet06,175.jpg,dusseldorf_000182_000019_leftImg8bit.png
testSet06,176.jpg,dusseldorf_000183_000019_leftImg8bit.png
testSet06,177.jpg,dusseldorf_000184_000019_leftImg8bit.png
testSet06,178.jpg,dusseldorf_000185_000019_leftImg8bit.png
testSet06,179.jpg,dusseldorf_000186_000019_leftImg8bit.png
testSet06,18.jpg,dusseldorf_000017_000019_leftImg8bit.png
testSet06,180.jpg,dusseldorf_000187_000019_leftImg8bit.png
testSet06,181.jpg,dusseldorf_000188_000019_leftImg8bit.png
testSet06,182.jpg,dusseldorf_000189_000019_leftImg8bit.png
testSet06,183.jpg,dusseldorf_000191_000019_leftImg8bit.png
testSet06,184.jpg,dusseldorf_000192_000019_leftImg8bit.png
testSet06,185.jpg,dusseldorf_000193_000019_leftImg8bit.png
testSet06,186.jpg,dusseldorf_000194_000019_leftImg8bit.png
testSet06,187.jpg,dusseldorf_000195_000019_leftImg8bit.png
testSet06,188.jpg,dusseldorf_000196_000019_leftImg8bit.png
testSet06,189.jpg,dusseldorf_000197_000019_leftImg8bit.png
testSet06,19.jpg,dusseldorf_000018_000019_leftImg8bit.png
testSet06,190.jpg,dusseldorf_000199_000019_leftImg8bit.png
testSet06,191.jpg,dusseldorf_000200_000019_leftImg8bit.png
testSet06,192.jpg,dusseldorf_000201_000019_leftImg8bit.png
testSet06,193.jpg,dusseldorf_000203_000019_leftImg8bit.png
testSet06,194.jpg,dusseldorf_000204_000019_leftImg8bit.png
testSet06,195.jpg,dusseldorf_000205_000019_leftImg8bit.png
testSet06,196.jpg,dusseldorf_000206_000019_leftImg8bit.png
testSet06,197.jpg,dusseldorf_000207_000019_leftImg8bit.png
testSet06,198.jpg,dusseldorf_000208_000019_leftImg8bit.png
testSet06,199.jpg,dusseldorf_000209_000019_leftImg8bit.png
testSet06,2.jpg,dusseldorf_000001_000019_leftImg8bit.png
testSet06,20.jpg,dusseldorf_000019_000019_leftImg8bit.png
testSet06,200.jpg,dusseldorf_000210_000019_leftImg8bit.png
testSet06,201.jpg,dusseldorf_000211_000019_leftImg8bit.png
testSet06,202.jpg,dusseldorf_000213_000019_leftImg8bit.png
testSet06,203.jpg,dusseldorf_000214_000019_leftImg8bit.png
testSet06,204.jpg,dusseldorf_000215_000019_leftImg8bit.png
testSet06,205.jpg,dusseldorf_000216_000019_leftImg8bit.png
testSet06,206.jpg,dusseldorf_000217_000019_leftImg8bit.png
testSet06,207.jpg,dusseldorf_000218_000019_leftImg8bit.png
testSet06,208.jpg,dusseldorf_000219_000019_leftImg8bit.png
testSet06,209.jpg,dusseldorf_000220_000019_leftImg8bit.png
testSet06,21.jpg,dusseldorf_000020_000019_leftImg8bit.png
testSet06,22.jpg,dusseldorf_000021_000019_leftImg8bit.png
testSet06,23.jpg,dusseldorf_000022_000019_leftImg8bit.png
testSet06,24.jpg,dusseldorf_000023_000019_leftImg8bit.png
testSet06,25.jpg,dusseldorf_000024_000019_leftImg8bit.png
testSet06,26.jpg,dusseldorf_000025_000019_leftImg8bit.png
testSet06,27.jpg,dusseldorf_000026_000019_leftImg8bit.png
testSet06,28.jpg,dusseldorf_000027_000019_leftImg8bit.png
testSet06,29.jpg,dusseldorf_000028_000019_leftImg8bit.png
testSet06,3.jpg,dusseldorf_000002_000019_leftImg8bit.png
testSet06,30.jpg,dusseldorf_000029_000019_leftImg8bit.png
testSet06,31.jpg,dusseldorf_000030_000019_leftImg8bit.png
testSet06,32.jpg,dusseldorf_000031_000019_leftImg8bit.png
testSet06,33.jpg,dusseldorf_000032_000019_leftImg8bit.png
testSet06,34.jpg,dusseldorf_000033_000019_leftImg8bit.png
testSet06,35.jpg,dusseldorf_000034_000019_leftImg8bit.png
testSet06,36.jpg,dusseldorf_000035_000019_leftImg8bit.png
testSet06,37.jpg,dusseldorf_000037_000019_leftImg8bit.png
testSet06,38.jpg,dusseldorf_000038_000019_leftImg8bit.png
testSet06,39.jpg,dusseldorf_000039_000019_leftImg8bit.png
testSet06,4.jpg,dusseldorf_000003_000019_leftImg8bit.png
testSet06,40.jpg,dusseldorf_000040_000019_leftImg8bit.png
testSet06,41.jpg,dusseldorf_000041_000019_leftImg8bit.png
testSet06,42.jpg,dusseldorf_000042_000019_leftImg8bit.png
testSet06,43.jpg,dusseldorf_000043_000019_leftImg8bit.png
testSet06,44.jpg,dusseldorf_000044_000019_leftImg8bit.png
testSet06,45.jpg,dusseldorf_000045_000019_leftImg8bit.png
testSet06,46.jpg,dusseldorf_000046_000019_leftImg8bit.png
testSet06,47.jpg,dusseldorf_000047_000019_leftImg8bit.png
testSet06,48.jpg,dusseldorf_000048_000019_leftImg8bit.png
testSet06,49.jpg,dusseldorf_000049_000019_leftImg8bit.png
testSet06,5.jpg,dusseldorf_000004_000019_leftImg8bit.png
testSet06,50.jpg,dusseldorf_000050_000019_leftImg8bit.png
testSet06,51.jpg,dusseldorf_000051_000019_leftImg8bit.png
testSet06,52.jpg,dusseldorf_000052_000019_leftImg8bit.png
testSet06,53.jpg,dusseldorf_000053_000019_leftImg8bit.png
testSet06,54.jpg,dusseldorf_000054_000019_leftImg8bit.png
testSet06,55.jpg,dusseldorf_000055_000019_leftImg8bit.png
testSet06,56.jpg,dusseldorf_000056_000019_leftImg8bit.png
testSet06,57.jpg,dusseldorf_000058_000019_leftImg8bit.png
testSet06,58.jpg,dusseldorf_000059_000019_leftImg8bit.png
testSet06,59.jpg,dusseldorf_000060_000019_leftImg8bit.png
testSet06,6.jpg,dusseldorf_000005_000019_leftImg8bit.png
testSet06,60.jpg,dusseldorf_000061_000019_leftImg8bit.png
testSet06,61.jpg,dusseldorf_000062_000019_leftImg8bit.png
testSet06,62.jpg,dusseldorf_000063_000019_leftImg8bit.png
testSet06,63.jpg,dusseldorf_000064_000019_leftImg8bit.png
testSet06,64.jpg,dusseldorf_000065_000019_leftImg8bit.png
testSet06,65.jpg,dusseldorf_000066_000019_leftImg8bit.png
testSet06,66.jpg,dusseldorf_000067_000019_leftImg8bit.png
testSet06,67.jpg,dusseldorf_000068_000019_leftImg8bit.png
testSet06,68.jpg,dusseldorf_000069_000019_leftImg8bit.png
testSet06,69.jpg,dusseldorf_000070_000019_leftImg8bit.png
testSet06,7.jpg,dusseldorf_000006_000019_leftImg8bit.png
testSet06,70.jpg,dusseldorf_000071_000019_leftImg8bit.png
testSet06,71.jpg,dusseldorf_000072_000019_leftImg8bit.png
testSet06,72.jpg,dusseldorf_000073_000019_leftImg8bit.png
testSet06,73.jpg,dusseldorf_000074_000019_leftImg8bit.png
testSet06,74.jpg,dusseldorf_000075_000019_leftImg8bit.png
testSet06,75.jpg,dusseldorf_000076_000019_leftImg8bit.png
testSet06,76.jpg,dusseldorf_000077_000019_leftImg8bit.png
testSet06,77.jpg,dusseldorf_000078_000019_leftImg8bit.png
testSet06,78.jpg,dusseldorf_000079_000019_leftImg8bit.png
testSet06,79.jpg,dusseldorf_000080_000019_leftImg8bit.png
testSet06,8.jpg,dusseldorf_000007_000019_leftImg8bit.png
testSet06,80.jpg,dusseldorf_000081_000019_leftImg8bit.png
testSet06,81.jpg,dusseldorf_000082_000019_leftImg8bit.png
testSet06,82.jpg,dusseldorf_000083_000019_leftImg8bit.png
testSet06,83.jpg,dusseldorf_000084_000019_leftImg8bit.png
testSet06,84.jpg,dusseldorf_000085_000019_leftImg8bit.png
testSet06,85.jpg,dusseldorf_000087_000019_leftImg8bit.png
testSet06,86.jpg,dusseldorf_000089_000019_leftImg8bit.png
testSet06,87.jpg,dusseldorf_000090_000019_leftImg8bit.png
testSet06,88.jpg,dusseldorf_000091_000019_leftImg8bit.png
testSet06,89.jpg,dusseldorf_000092_000019_leftImg8bit.png
testSet06,9.jpg,dusseldorf_000008_000019_leftImg8bit.png
testSet06,90.jpg,dusseldorf_000093_000019_leftImg8bit.png
testSet06,91.jpg,dusseldorf_000094_000019_leftImg8bit.png
testSet06,92.jpg,dusseldorf_000095_000019_leftImg8bit.png
testSet06,93.jpg,dusseldorf_000096_000019_leftImg8bit.png
testSet06,94.jpg,dusseldorf_000097_000019_leftImg8bit.png
testSet06,95.jpg,dusseldorf_000098_000019_leftImg8bit.png
testSet06,96.jpg,dusseldorf_000099_000019_leftImg8bit.png
testSet06,97.jpg,dusseldorf_000100_000019_leftImg8bit.png
testSet06,98.jpg,dusseldorf_000102_000019_leftImg8bit.png
testSet06,99.jpg,dusseldorf_000103_000019_leftImg8bit.png
testSet07,1.jpg,erfurt_000000_000019_leftImg8bit.png
testSet07,10.jpg,erfurt_000009_000019_leftImg8bit.png
testSet07,100.jpg,erfurt_000107_000019_leftImg8bit.png
testSet07,101.jpg,erfurt_000108_000019_leftImg8bit.png
testSet07,11.jpg,erfurt_000010_000019_leftImg8bit.png
testSet07,12.jpg,erfurt_000011_000019_leftImg8bit.png
testSet07,13.jpg,erfurt_000012_000019_leftImg8bit.png
testSet07,14.jpg,erfurt_000013_000019_leftImg8bit.png
testSet07,15.jpg,erfurt_000014_000019_leftImg8bit.png
testSet07,16.jpg,erfurt_000015_000019_leftImg8bit.png
testSet07,17.jpg,erfurt_000016_000019_leftImg8bit.png
testSet07,18.jpg,erfurt_000017_000019_leftImg8bit.png
testSet07,19.jpg,erfurt_000018_000019_leftImg8bit.png
testSet07,2.jpg,erfurt_000001_000019_leftImg8bit.png
testSet07,20.jpg,erfurt_000019_000019_leftImg8bit.png
testSet07,21.jpg,erfurt_000020_000019_leftImg8bit.png
testSet07,22.jpg,erfurt_000021_000019_leftImg8bit.png
testSet07,23.jpg,erfurt_000022_000019_leftImg8bit.png
testSet07,24.jpg,erfurt_000023_000019_leftImg8bit.png
testSet07,25.jpg,erfurt_000024_000019_leftImg8bit.png
testSet07,26.jpg,erfurt_000025_000019_leftImg8bit.png
testSet07,27.jpg,erfurt_000026_000019_leftImg8bit.png
testSet07,28.jpg,erfurt_000027_000019_leftImg8bit.png
testSet07,29.jpg,erfurt_000028_000019_leftImg8bit.png
testSet07,3.jpg,erfurt_000002_000019_leftImg8bit.png
testSet07,30.jpg,erfurt_000029_000019_leftImg8bit.png
testSet07,31.jpg,erfurt_000030_000019_leftImg8bit.png
testSet07,32.jpg,erfurt_000031_000019_leftImg8bit.png
testSet07,33.jpg,erfurt_000032_000019_leftImg8bit.png
testSet07,34.jpg,erfurt_000033_000019_leftImg8bit.png
testSet07,35.jpg,erfurt_000034_000019_leftImg8bit.png
testSet07,36.jpg,erfurt_000035_000019_leftImg8bit.png
testSet07,37.jpg,erfurt_000036_000019_leftImg8bit.png
testSet07,38.jpg,erfurt_000037_000019_leftImg8bit.png
testSet07,39.jpg,erfurt_000038_000019_leftImg8bit.png
testSet07,4.jpg,erfurt_000003_000019_leftImg8bit.png
testSet07,40.jpg,erfurt_000039_000019_leftImg8bit.png
testSet07,41.jpg,erfurt_000040_000019_leftImg8bit.png
testSet07,42.jpg,erfurt_000041_000019_leftImg8bit.png
testSet07,43.jpg,erfurt_000042_000019_leftImg8bit.png
testSet07,44.jpg,erfurt_000043_000019_leftImg8bit.png
testSet07,45.jpg,erfurt_000044_000019_leftImg8bit.png
testSet07,46.jpg,erfurt_000045_000019_leftImg8bit.png
testSet07,47.jpg,erfurt_000046_000019_leftImg8bit.png
testSet07,48.jpg,erfurt_000047_000019_leftImg8bit.png
testSet07,49.jpg,erfurt_000048_000019_leftImg8bit.png
testSet07,5.jpg,erfurt_000004_000019_leftImg8bit.png
testSet07,50.jpg,erfurt_000049_000019_leftImg8bit.png
testSet07,51.jpg,erfurt_000050_000019_leftImg8bit.png
testSet07,52.jpg,erfurt_000051_000019_leftImg8bit.png
testSet07,53.jpg,erfurt_000052_000019_leftImg8bit.png
testSet07,54.jpg,erfurt_000053_000019_leftImg8bit.png
testSet07,55.jpg,erfurt_000054_000019_leftImg8bit.png
testSet07,56.jpg,erfurt_000055_000019_leftImg8bit.png
testSet07,57.jpg,erfurt_000056_000019_leftImg8bit.png
testSet07,58.jpg,erfurt_000057_000019_leftImg8bit.png
testSet07,59.jpg,erfurt_000059_000019_leftImg8bit.png
testSet07,6.jpg,erfurt_000005_000019_leftImg8bit.png
testSet07,60.jpg,erfurt_000060_000019_leftImg8bit.png
testSet07,61.jpg,erfurt_000061_000019_leftImg8bit.png
testSet07,62.jpg,erfurt_000062_000019_leftImg8bit.png
testSet07,63.jpg,erfurt_000064_000019_leftImg8bit.png
testSet07,64.jpg,erfurt_000066_000019_leftImg8bit.png
testSet07,65.jpg,erfurt_000067_000019_leftImg8bit.png
testSet07,66.jpg,erfurt_000068_000019_leftImg8bit.png
testSet07,67.jpg,erfurt_000069_000019_leftImg8bit.png
testSet07,68.jpg,erfurt_000070_000019_leftImg8bit.png
testSet07,69.jpg,erfurt_000071_000019_leftImg8bit.png
testSet07,7.jpg,erfurt_000006_000019_leftImg8bit.png
testSet07,70.jpg,erfurt_000072_000019_leftImg8bit.png
testSet07,71.jpg,erfurt_000074_000019_leftImg8bit.png
testSet07,72.jpg,erfurt_000076_000019_leftImg8bit.png
testSet07,73.jpg,erfurt_000077_000019_leftImg8bit.png
testSet07,74.jpg,erfurt_000078_000019_leftImg8bit.png
testSet07,75.jpg,erfurt_000079_000019_leftImg8bit.png
testSet07,76.jpg,erfurt_000080_000019_leftImg8bit.png
testSet07,77.jpg,erfurt_000081_000019_leftImg8bit.png
testSet07,78.jpg,erfurt_000082_000019_leftImg8bit.png
testSet07,79.jpg,erfurt_000083_000019_leftImg8bit.png
testSet07,8.jpg,erfurt_000007_000019_leftImg8bit.png
testSet07,80.jpg,erfurt_000084_000019_leftImg8bit.png
testSet07,81.jpg,erfurt_000086_000019_leftImg8bit.png
testSet07,82.jpg,erfurt_000087_000019_leftImg8bit.png
testSet07,83.jpg,erfurt_000088_000019_leftImg8bit.png
testSet07,84.jpg,erfurt_000089_000019_leftImg8bit.png
testSet07,85.jpg,erfurt_000091_000019_leftImg8bit.png
testSet07,86.jpg,erfurt_000092_000019_leftImg8bit.png
testSet07,87.jpg,erfurt_000093_000019_leftImg8bit.png
testSet07,88.jpg,erfurt_000094_000019_leftImg8bit.png
testSet07,89.jpg,erfurt_000095_000019_leftImg8bit.png
testSet07,9.jpg,erfurt_000008_000019_leftImg8bit.png
testSet07,90.jpg,erfurt_000096_000019_leftImg8bit.png
testSet07,91.jpg,erfurt_000097_000019_leftImg8bit.png
testSet07,92.jpg,erfurt_000098_000019_leftImg8bit.png
testSet07,93.jpg,erfurt_000099_000019_leftImg8bit.png
testSet07,94.jpg,erfurt_000100_000019_leftImg8bit.png
testSet07,95.jpg,erfurt_000101_000019_leftImg8bit.png
testSet07,96.jpg,erfurt_000103_000019_leftImg8bit.png
testSet07,97.jpg,erfurt_000104_000019_leftImg8bit.png
testSet07,98.jpg,erfurt_000105_000019_leftImg8bit.png
testSet07,99.jpg,erfurt_000106_000019_leftImg8bit.png
testSet08,1.jpg,hamburg_000000_000042_leftImg8bit.png
testSet08,10.jpg,hamburg_000000_008221_leftImg8bit.png
testSet08,100.jpg,hamburg_000000_057678_leftImg8bit.png
testSet08,101.jpg,hamburg_000000_057816_leftImg8bit.png
testSet08,102.jpg,hamburg_000000_058591_leftImg8bit.png
testSet08,103.jpg,hamburg_000000_059339_leftImg8bit.png
testSet08,104.jpg,hamburg_000000_059720_leftImg8bit.png
testSet08,105.jpg,hamburg_000000_060215_leftImg8bit.png
testSet08,106.jpg,hamburg_000000_060586_leftImg8bit.png
testSet08,107.jpg,hamburg_000000_060907_leftImg8bit.png
testSet08,108.jpg,hamburg_000000_061048_leftImg8bit.png
testSet08,109.jpg,hamburg_000000_061468_leftImg8bit.png
testSet08,11.jpg,hamburg_000000_008494_leftImg8bit.png
testSet08,110.jpg,hamburg_000000_061790_leftImg8bit.png
testSet08,111.jpg,hamburg_000000_062039_leftImg8bit.png
testSet08,112.jpg,hamburg_000000_062371_leftImg8bit.png
testSet08,113.jpg,hamburg_000000_062710_leftImg8bit.png
testSet08,114.jpg,hamburg_000000_062964_leftImg8bit.png
testSet08,115.jpg,hamburg_000000_063403_leftImg8bit.png
testSet08,116.jpg,hamburg_000000_063698_leftImg8bit.png
testSet08,117.jpg,hamburg_000000_064269_leftImg8bit.png
testSet08,118.jpg,hamburg_000000_064825_leftImg8bit.png
testSet08,119.jpg,hamburg_000000_065055_leftImg8bit.png
testSet08,12.jpg,hamburg_000000_013577_leftImg8bit.png
testSet08,120.jpg,hamburg_000000_065604_leftImg8bit.png
testSet08,121.jpg,hamburg_000000_065843_leftImg8bit.png
testSet08,122.jpg,hamburg_000000_065983_leftImg8bit.png
testSet08,123.jpg,hamburg_000000_066424_leftImg8bit.png
testSet08,124.jpg,hamburg_000000_066706_leftImg8bit.png
testSet08,125.jpg,hamburg_000000_067223_leftImg8bit.png
testSet08,126.jpg,hamburg_000000_067338_leftImg8bit.png
testSet08,127.jpg,hamburg_000000_067587_leftImg8bit.png
testSet08,128.jpg,hamburg_000000_067799_leftImg8bit.png
testSet08,129.jpg,hamburg_000000_068693_leftImg8bit.png
testSet08,13.jpg,hamburg_000000_014030_leftImg8bit.png
testSet08,130.jpg,hamburg_000000_068916_leftImg8bit.png
testSet08,131.jpg,hamburg_000000_069096_leftImg8bit.png
testSet08,132.jpg,hamburg_000000_069177_leftImg8bit.png
testSet08,133.jpg,hamburg_000000_069289_leftImg8bit.png
testSet08,134.jpg,hamburg_000000_069417_leftImg8bit.png
testSet08,135.jpg,hamburg_000000_070334_leftImg8bit.png
testSet08,136.jpg,hamburg_000000_070444_leftImg8bit.png
testSet08,137.jpg,hamburg_000000_071016_leftImg8bit.png
testSet08,138.jpg,hamburg_000000_071150_leftImg8bit.png
testSet08,139.jpg,hamburg_000000_071675_leftImg8bit.png
testSet08,14.jpg,hamburg_000000_015350_leftImg8bit.png
testSet08,140.jpg,hamburg_000000_071942_leftImg8bit.png
testSet08,141.jpg,hamburg_000000_073314_leftImg8bit.png
testSet08,142.jpg,hamburg_000000_073389_leftImg8bit.png
testSet08,143.jpg,hamburg_000000_073549_leftImg8bit.png
testSet08,144.jpg,hamburg_000000_073672_leftImg8bit.png
testSet08,145.jpg,hamburg_000000_073758_leftImg8bit.png
testSet08,146.jpg,hamburg_000000_073999_leftImg8bit.png
testSet08,147.jpg,hamburg_000000_074139_leftImg8bit.png
testSet08,148.jpg,hamburg_000000_074267_leftImg8bit.png
testSet08,149.jpg,hamburg_000000_074425_leftImg8bit.png
testSet08,15.jpg,hamburg_000000_016447_leftImg8bit.png
testSet08,150.jpg,hamburg_000000_074545_leftImg8bit.png
testSet08,151.jpg,hamburg_000000_074694_leftImg8bit.png
testSet08,152.jpg,hamburg_000000_076966_leftImg8bit.png
testSet08,153.jpg,hamburg_000000_077144_leftImg8bit.png
testSet08,154.jpg,hamburg_000000_077642_leftImg8bit.png
testSet08,155.jpg,hamburg_000000_077756_leftImg8bit.png
testSet08,156.jpg,hamburg_000000_077927_leftImg8bit.png
testSet08,157.jpg,hamburg_000000_078407_leftImg8bit.png
testSet08,158.jpg,hamburg_000000_078579_leftImg8bit.png
testSet08,159.jpg,hamburg_000000_078842_leftImg8bit.png
testSet08,16.jpg,hamburg_000000_016691_leftImg8bit.png
testSet08,160.jpg,hamburg_000000_079376_leftImg8bit.png
testSet08,161.jpg,hamburg_000000_079657_leftImg8bit.png
testSet08,162.jpg,hamburg_000000_080169_leftImg8bit.png
testSet08,163.jpg,hamburg_000000_080438_leftImg8bit.png
testSet08,164.jpg,hamburg_000000_080674_leftImg8bit.png
testSet08,165.jpg,hamburg_000000_080878_leftImg8bit.png
testSet08,166.jpg,hamburg_000000_081299_leftImg8bit.png
testSet08,167.jpg,hamburg_000000_082187_leftImg8bit.png
testSet08,168.jpg,hamburg_000000_082301_leftImg8bit.png
testSet08,169.jpg,hamburg_000000_083586_leftImg8bit.png
testSet08,17.jpg,hamburg_000000_016928_leftImg8bit.png
testSet08,170.jpg,hamburg_000000_083696_leftImg8bit.png
testSet08,171.jpg,hamburg_000000_084746_leftImg8bit.png
testSet08,172.jpg,hamburg_000000_084865_leftImg8bit.png
testSet08,173.jpg,hamburg_000000_085073_leftImg8bit.png
testSet08,174.jpg,hamburg_000000_085321_leftImg8bit.png
testSet08,175.jpg,hamburg_000000_085413_leftImg8bit.png
testSet08,176.jpg,hamburg_000000_085645_leftImg8bit.png
testSet08,177.jpg,hamburg_000000_085982_leftImg8bit.png
testSet08,178.jpg,hamburg_000000_086499_leftImg8bit.png
testSet08,179.jpg,hamburg_000000_086636_leftImg8bit.png
testSet08,18.jpg,hamburg_000000_018592_leftImg8bit.png
testSet08,180.jpg,hamburg_000000_087822_leftImg8bit.png
testSet08,181.jpg,hamburg_000000_088054_leftImg8bit.png
testSet08,182.jpg,hamburg_000000_088197_leftImg8bit.png
testSet08,183.jpg,hamburg_000000_088783_leftImg8bit.png
testSet08,184.jpg,hamburg_000000_088939_leftImg8bit.png
testSet08,185.jpg,hamburg_000000_088983_leftImg8bit.png
testSet08,186.jpg,hamburg_000000_089491_leftImg8bit.png
testSet08,187.jpg,hamburg_000000_089696_leftImg8bit.png
testSet08,188.jpg,hamburg_000000_090398_leftImg8bit.png
testSet08,189.jpg,hamburg_000000_090742_leftImg8bit.png
testSet08,19.jpg,hamburg_000000_018878_leftImg8bit.png
testSet08,190.jpg,hamburg_000000_091038_leftImg8bit.png
testSet08,191.jpg,hamburg_000000_091155_leftImg8bit.png
testSet08,192.jpg,hamburg_000000_091900_leftImg8bit.png
testSet08,193.jpg,hamburg_000000_092476_leftImg8bit.png
testSet08,194.jpg,hamburg_000000_092850_leftImg8bit.png
testSet08,195.jpg,hamburg_000000_093325_leftImg8bit.png
testSet08,196.jpg,hamburg_000000_093572_leftImg8bit.png
testSet08,197.jpg,hamburg_000000_093787_leftImg8bit.png
testSet08,198.jpg,hamburg_000000_094185_leftImg8bit.png
testSet08,199.jpg,hamburg_000000_095561_leftImg8bit.png
testSet08,2.jpg,hamburg_000000_000629_leftImg8bit.png
testSet08,20.jpg,hamburg_000000_019373_leftImg8bit.png
testSet08,200.jpg,hamburg_000000_096063_leftImg8bit.png
testSet08,201.jpg,hamburg_000000_096624_leftImg8bit.png
testSet08,202.jpg,hamburg_000000_097086_leftImg8bit.png
testSet08,203.jpg,hamburg_000000_097447_leftImg8bit.png
testSet08,204.jpg,hamburg_000000_098061_leftImg8bit.png
testSet08,205.jpg,hamburg_000000_098400_leftImg8bit.png
testSet08,206.jpg,hamburg_000000_098862_leftImg8bit.png
testSet08,207.jpg,hamburg_000000_099109_leftImg8bit.png
testSet08,208.jpg,hamburg_000000_099368_leftImg8bit.png
testSet08,209.jpg,hamburg_000000_101724_leftImg8bit.png
testSet08,21.jpg,hamburg_000000_019760_leftImg8bit.png
testSet08,210.jpg,hamburg_000000_102379_leftImg8bit.png
testSet08,211.jpg,hamburg_000000_102574_leftImg8bit.png
testSet08,212.jpg,hamburg_000000_103075_leftImg8bit.png
testSet08,213.jpg,hamburg_000000_103186_leftImg8bit.png
testSet08,214.jpg,hamburg_000000_103367_leftImg8bit.png
testSet08,215.jpg,hamburg_000000_103541_leftImg8bit.png
testSet08,216.jpg,hamburg_000000_103856_leftImg8bit.png
testSet08,217.jpg,hamburg_000000_104428_leftImg8bit.png
testSet08,218.jpg,hamburg_000000_104857_leftImg8bit.png
testSet08,219.jpg,hamburg_000000_105123_leftImg8bit.png
testSet08,22.jpg,hamburg_000000_019892_leftImg8bit.png
testSet08,220.jpg,hamburg_000000_105296_leftImg8bit.png
testSet08,221.jpg,hamburg_000000_105464_leftImg8bit.png
testSet08,222.jpg,hamburg_000000_105724_leftImg8bit.png
testSet08,223.jpg,hamburg_000000_106102_leftImg8bit.png
testSet08,23.jpg,hamburg_000000_020211_leftImg8bit.png
testSet08,24.jpg,hamburg_000000_020563_leftImg8bit.png
testSet08,25.jpg,hamburg_000000_021353_leftImg8bit.png
testSet08,26.jpg,hamburg_000000_021961_leftImg8bit.png
testSet08,27.jpg,hamburg_000000_022524_leftImg8bit.png
testSet08,28.jpg,hamburg_000000_023472_leftImg8bit.png
testSet08,29.jpg,hamburg_000000_024251_leftImg8bit.png
testSet08,3.jpg,hamburg_000000_001106_leftImg8bit.png
testSet08,30.jpg,hamburg_000000_025802_leftImg8bit.png
testSet08,31.jpg,hamburg_000000_025986_leftImg8bit.png
testSet08,32.jpg,hamburg_000000_026675_leftImg8bit.png
testSet08,33.jpg,hamburg_000000_027304_leftImg8bit.png
testSet08,34.jpg,hamburg_000000_027857_leftImg8bit.png
testSet08,35.jpg,hamburg_000000_028056_leftImg8bit.png
testSet08,36.jpg,hamburg_000000_028439_leftImg8bit.png
testSet08,37.jpg,hamburg_000000_028608_leftImg8bit.png
testSet08,38.jpg,hamburg_000000_029144_leftImg8bit.png
testSet08,39.jpg,hamburg_000000_029676_leftImg8bit.png
testSet08,4.jpg,hamburg_000000_001613_leftImg8bit.png
testSet08,40.jpg,hamburg_000000_030279_leftImg8bit.png
testSet08,41.jpg,hamburg_000000_030953_leftImg8bit.png
testSet08,42.jpg,hamburg_000000_031971_leftImg8bit.png
testSet08,43.jpg,hamburg_000000_032266_leftImg8bit.png
testSet08,44.jpg,hamburg_000000_033506_leftImg8bit.png
testSet08,45.jpg,hamburg_000000_035568_leftImg8bit.png
testSet08,46.jpg,hamburg_000000_036003_leftImg8bit.png
testSet08,47.jpg,hamburg_000000_036427_leftImg8bit.png
testSet08,48.jpg,hamburg_000000_036527_leftImg8bit.png
testSet08,49.jpg,hamburg_000000_037036_leftImg8bit.png
testSet08,5.jpg,hamburg_000000_002095_leftImg8bit.png
testSet08,50.jpg,hamburg_000000_037161_leftImg8bit.png
testSet08,51.jpg,hamburg_000000_037279_leftImg8bit.png
testSet08,52.jpg,hamburg_000000_037741_leftImg8bit.png
testSet08,53.jpg,hamburg_000000_038511_leftImg8bit.png
testSet08,54.jpg,hamburg_000000_038729_leftImg8bit.png
testSet08,55.jpg,hamburg_000000_038915_leftImg8bit.png
testSet08,56.jpg,hamburg_000000_039264_leftImg8bit.png
testSet08,57.jpg,hamburg_000000_039420_leftImg8bit.png
testSet08,58.jpg,hamburg_000000_039546_leftImg8bit.png
testSet08,59.jpg,hamburg_000000_040021_leftImg8bit.png
testSet08,6.jpg,hamburg_000000_003488_leftImg8bit.png
testSet08,60.jpg,hamburg_000000_041667_leftImg8bit.png
testSet08,61.jpg,hamburg_000000_042505_leftImg8bit.png
testSet08,62.jpg,hamburg_000000_042885_leftImg8bit.png
testSet08,63.jpg,hamburg_000000_043944_leftImg8bit.png
testSet08,64.jpg,hamburg_000000_044251_leftImg8bit.png
testSet08,65.jpg,hamburg_000000_044400_leftImg8bit.png
testSet08,66.jpg,hamburg_000000_044747_leftImg8bit.png
testSet08,67.jpg,hamburg_000000_044996_leftImg8bit.png
testSet08,68.jpg,hamburg_000000_045437_leftImg8bit.png
testSet08,69.jpg,hamburg_000000_045704_leftImg8bit.png
testSet08,7.jpg,hamburg_000000_003904_leftImg8bit.png
testSet08,70.jpg,hamburg_000000_045908_leftImg8bit.png
testSet08,71.jpg,hamburg_000000_046078_leftImg8bit.png
testSet08,72.jpg,hamburg_000000_046510_leftImg8bit.png
testSet08,73.jpg,hamburg_000000_046566_leftImg8bit.png
testSet08,74.jpg,hamburg_000000_046619_leftImg8bit.png
testSet08,75.jpg,hamburg_000000_046872_leftImg8bit.png
testSet08,76.jpg,hamburg_000000_047057_leftImg8bit.png
testSet08,77.jpg,hamburg_000000_047108_leftImg8bit.png
testSet08,78.jpg,hamburg_000000_047157_leftImg8bit.png
testSet08,79.jpg,hamburg_000000_047220_leftImg8bit.png
testSet08,8.jpg,hamburg_000000_004985_leftImg8bit.png
testSet08,80.jpg,hamburg_000000_047390_leftImg8bit.png
testSet08,81.jpg,hamburg_000000_048494_leftImg8bit.png
testSet08,82.jpg,hamburg_000000_048750_leftImg8bit.png
testSet08,83.jpg,hamburg_000000_048960_leftImg8bit.png
testSet08,84.jpg,hamburg_000000_049558_leftImg8bit.png
testSet08,85.jpg,hamburg_000000_050160_leftImg8bit.png
testSet08,86.jpg,hamburg_000000_052122_leftImg8bit.png
testSet08,87.jpg,hamburg_000000_052904_leftImg8bit.png
testSet08,88.jpg,hamburg_000000_053086_leftImg8bit.png
testSet08,89.jpg,hamburg_000000_053486_leftImg8bit.png
testSet08,9.jpg,hamburg_000000_007737_leftImg8bit.png
testSet08,90.jpg,hamburg_000000_053563_leftImg8bit.png
testSet08,91.jpg,hamburg_000000_054029_leftImg8bit.png
testSet08,92.jpg,hamburg_000000_054220_leftImg8bit.png
testSet08,93.jpg,hamburg_000000_054555_leftImg8bit.png
testSet08,94.jpg,hamburg_000000_054850_leftImg8bit.png
testSet08,95.jpg,hamburg_000000_055039_leftImg8bit.png
testSet08,96.jpg,hamburg_000000_055414_leftImg8bit.png
testSet08,97.jpg,hamburg_000000_056229_leftImg8bit.png
testSet08,98.jpg,hamburg_000000_056508_leftImg8bit.png
testSet08,99.jpg,hamburg_000000_057487_leftImg8bit.png
testSet09,1.jpg,hanover_000000_000164_leftImg8bit.png
testSet09,10.jpg,hanover_000000_004230_leftImg8bit.png
testSet09,100.jpg,hanover_000000_038773_leftImg8bit.png
testSet09,101.jpg,hanover_000000_038855_leftImg8bit.png
testSet09,102.jpg,hanover_000000_038927_leftImg8bit.png
testSet09,103.jpg,hanover_000000_039021_leftImg8bit.png
testSet09,104.jpg,hanover_000000_039470_leftImg8bit.png
testSet09,105.jpg,hanover_000000_040051_leftImg8bit.png
testSet09,106.jpg,hanover_000000_040133_leftImg8bit.png
testSet09,107.jpg,hanover_000000_040221_leftImg8bit.png
testSet09,108.jpg,hanover_000000_040294_leftImg8bit.png
testSet09,109.jpg,hanover_000000_040456_leftImg8bit.png
testSet09,11.jpg,hanover_000000_004646_leftImg8bit.png
testSet09,110.jpg,hanover_000000_040793_leftImg8bit.png
testSet09,111.jpg,hanover_000000_041232_leftImg8bit.png
testSet09,112.jpg,hanover_000000_041493_leftImg8bit.png
testSet09,113.jpg,hanover_000000_042255_leftImg8bit.png
testSet09,114.jpg,hanover_000000_042382_leftImg8bit.png
testSet09,115.jpg,hanover_000000_042770_leftImg8bit.png
testSet09,116.jpg,hanover_000000_042992_leftImg8bit.png
testSet09,117.jpg,hanover_000000_043102_leftImg8bit.png
testSet09,118.jpg,hanover_000000_043236_leftImg8bit.png
testSet09,119.jpg,hanover_000000_043550_leftImg8bit.png
testSet09,12.jpg,hanover_000000_004752_leftImg8bit.png
testSet09,120.jpg,hanover_000000_043653_leftImg8bit.png
testSet09,121.jpg,hanover_000000_043822_leftImg8bit.png
testSet09,122.jpg,hanover_000000_044195_leftImg8bit.png
testSet09,123.jpg,hanover_000000_044344_leftImg8bit.png
testSet09,124.jpg,hanover_000000_044622_leftImg8bit.png
testSet09,125.jpg,hanover_000000_045004_leftImg8bit.png
testSet09,126.jpg,hanover_000000_045188_leftImg8bit.png
testSet09,127.jpg,hanover_000000_045446_leftImg8bit.png
testSet09,128.jpg,hanover_000000_046200_leftImg8bit.png
testSet09,129.jpg,hanover_000000_046398_leftImg8bit.png
testSet09,13.jpg,hanover_000000_005175_leftImg8bit.png
testSet09,130.jpg,hanover_000000_046572_leftImg8bit.png
testSet09,131.jpg,hanover_000000_046646_leftImg8bit.png
testSet09,132.jpg,hanover_000000_046732_leftImg8bit.png
testSet09,133.jpg,hanover_000000_046954_leftImg8bit.png
testSet09,134.jpg,hanover_000000_047499_leftImg8bit.png
testSet09,135.jpg,hanover_000000_047629_leftImg8bit.png
testSet09,136.jpg,hanover_000000_047870_leftImg8bit.png
testSet09,137.jpg,hanover_000000_048274_leftImg8bit.png
testSet09,138.jpg,hanover_000000_048379_leftImg8bit.png
testSet09,139.jpg,hanover_000000_048508_leftImg8bit.png
testSet09,14.jpg,hanover_000000_005288_leftImg8bit.png
testSet09,140.jpg,hanover_000000_048765_leftImg8bit.png
testSet09,141.jpg,hanover_000000_049005_leftImg8bit.png
testSet09,142.jpg,hanover_000000_049269_leftImg8bit.png
testSet09,143.jpg,hanover_000000_049465_leftImg8bit.png
testSet09,144.jpg,hanover_000000_050228_leftImg8bit.png
testSet09,145.jpg,hanover_000000_050398_leftImg8bit.png
testSet09,146.jpg,hanover_000000_051059_leftImg8bit.png
testSet09,147.jpg,hanover_000000_051152_leftImg8bit.png
testSet09,148.jpg,hanover_000000_051271_leftImg8bit.png
testSet09,149.jpg,hanover_000000_051842_leftImg8bit.png
testSet09,15.jpg,hanover_000000_005599_leftImg8bit.png
testSet09,150.jpg,hanover_000000_052013_leftImg8bit.png
testSet09,151.jpg,hanover_000000_052512_leftImg8bit.png
testSet09,152.jpg,stuttgart_000008_000019_leftImg8bit.png
testSet09,153.jpg,hanover_000000_052729_leftImg8bit.png
testSet09,154.jpg,hanover_000000_052887_leftImg8bit.png
testSet09,155.jpg,hanover_000000_053027_leftImg8bit.png
testSet09,156.jpg,hanover_000000_053437_leftImg8bit.png
testSet09,157.jpg,hanover_000000_053604_leftImg8bit.png
testSet09,158.jpg,hanover_000000_054276_leftImg8bit.png
testSet09,159.jpg,hanover_000000_054965_leftImg8bit.png
testSet09,16.jpg,hanover_000000_005732_leftImg8bit.png
testSet09,160.jpg,hanover_000000_055124_leftImg8bit.png
testSet09,161.jpg,hanover_000000_055592_leftImg8bit.png
testSet09,162.jpg,hanover_000000_055800_leftImg8bit.png
testSet09,163.jpg,hanover_000000_055937_leftImg8bit.png
testSet09,164.jpg,hanover_000000_056142_leftImg8bit.png
testSet09,165.jpg,hanover_000000_056361_leftImg8bit.png
testSet09,166.jpg,hanover_000000_056457_leftImg8bit.png
testSet09,167.jpg,hanover_000000_056601_leftImg8bit.png
testSet09,168.jpg,hanover_000000_056800_leftImg8bit.png
testSet09,169.jpg,hanover_000000_057532_leftImg8bit.png
testSet09,17.jpg,hanover_000000_006355_leftImg8bit.png
testSet09,170.jpg,hanover_000000_057710_leftImg8bit.png
testSet09,171.jpg,hanover_000000_058189_leftImg8bit.png
testSet09,18.jpg,hanover_000000_006922_leftImg8bit.png
testSet09,19.jpg,hanover_000000_007342_leftImg8bit.png
testSet09,2.jpg,hanover_000000_000381_leftImg8bit.png
testSet09,20.jpg,hanover_000000_007897_leftImg8bit.png
testSet09,21.jpg,hanover_000000_008017_leftImg8bit.png
testSet09,22.jpg,hanover_000000_008200_leftImg8bit.png
testSet09,23.jpg,hanover_000000_009128_leftImg8bit.png
testSet09,24.jpg,hanover_000000_009420_leftImg8bit.png
testSet09,25.jpg,hanover_000000_010553_leftImg8bit.png
testSet09,26.jpg,hanover_000000_011170_leftImg8bit.png
testSet09,27.jpg,hanover_000000_011471_leftImg8bit.png
testSet09,28.jpg,hanover_000000_011971_leftImg8bit.png
testSet09,29.jpg,hanover_000000_012347_leftImg8bit.png
testSet09,3.jpg,hanover_000000_000712_leftImg8bit.png
testSet09,30.jpg,hanover_000000_013094_leftImg8bit.png
testSet09,31.jpg,hanover_000000_013205_leftImg8bit.png
testSet09,32.jpg,hanover_000000_013814_leftImg8bit.png
testSet09,33.jpg,hanover_000000_014537_leftImg8bit.png
testSet09,34.jpg,hanover_000000_014713_leftImg8bit.png
testSet09,35.jpg,hanover_000000_014919_leftImg8bit.png
testSet09,36.jpg,hanover_000000_015587_leftImg8bit.png
testSet09,37.jpg,hanover_000000_015849_leftImg8bit.png
testSet09,38.jpg,hanover_000000_016038_leftImg8bit.png
testSet09,39.jpg,hanover_000000_016558_leftImg8bit.png
testSet09,4.jpg,hanover_000000_001173_leftImg8bit.png
testSet09,40.jpg,hanover_000000_017041_leftImg8bit.png
testSet09,41.jpg,hanover_000000_018213_leftImg8bit.png
testSet09,42.jpg,hanover_000000_018546_leftImg8bit.png
testSet09,43.jpg,hanover_000000_018800_leftImg8bit.png
testSet09,44.jpg,hanover_000000_019116_leftImg8bit.png
testSet09,45.jpg,hanover_000000_019282_leftImg8bit.png
testSet09,46.jpg,hanover_000000_019456_leftImg8bit.png
testSet09,47.jpg,hanover_000000_019672_leftImg8bit.png
testSet09,48.jpg,hanover_000000_020089_leftImg8bit.png
testSet09,49.jpg,hanover_000000_020655_leftImg8bit.png
testSet09,5.jpg,hanover_000000_002140_leftImg8bit.png
testSet09,50.jpg,hanover_000000_021337_leftImg8bit.png
testSet09,51.jpg,hanover_000000_022645_leftImg8bit.png
testSet09,52.jpg,hanover_000000_023975_leftImg8bit.png
testSet09,53.jpg,hanover_000000_024136_leftImg8bit.png
testSet09,54.jpg,hanover_000000_024276_leftImg8bit.png
testSet09,55.jpg,hanover_000000_024441_leftImg8bit.png
testSet09,56.jpg,hanover_000000_024719_leftImg8bit.png
testSet09,57.jpg,hanover_000000_024989_leftImg8bit.png
testSet09,58.jpg,hanover_000000_025335_leftImg8bit.png
testSet09,59.jpg,hanover_000000_025437_leftImg8bit.png
testSet09,6.jpg,hanover_000000_002357_leftImg8bit.png
testSet09,60.jpg,hanover_000000_026014_leftImg8bit.png
testSet09,61.jpg,hanover_000000_026183_leftImg8bit.png
testSet09,62.jpg,hanover_000000_026356_leftImg8bit.png
testSet09,63.jpg,hanover_000000_026743_leftImg8bit.png
testSet09,64.jpg,hanover_000000_026804_leftImg8bit.png
testSet09,65.jpg,hanover_000000_027007_leftImg8bit.png
testSet09,66.jpg,hanover_000000_027282_leftImg8bit.png
testSet09,67.jpg,hanover_000000_027390_leftImg8bit.png
testSet09,68.jpg,hanover_000000_027561_leftImg8bit.png
testSet09,69.jpg,hanover_000000_027650_leftImg8bit.png
testSet09,7.jpg,hanover_000000_002458_leftImg8bit.png
testSet09,70.jpg,hanover_000000_027766_leftImg8bit.png
testSet09,71.jpg,hanover_000000_027998_leftImg8bit.png
testSet09,72.jpg,hanover_000000_028202_leftImg8bit.png
testSet09,73.jpg,hanover_000000_029043_leftImg8bit.png
testSet09,74.jpg,hanover_000000_029404_leftImg8bit.png
testSet09,75.jpg,hanover_000000_029455_leftImg8bit.png
testSet09,76.jpg,hanover_000000_029769_leftImg8bit.png
testSet09,77.jpg,hanover_000000_030276_leftImg8bit.png
testSet09,78.jpg,hanover_000000_030346_leftImg8bit.png
testSet09,79.jpg,hanover_000000_030546_leftImg8bit.png
testSet09,8.jpg,hanover_000000_003411_leftImg8bit.png
testSet09,80.jpg,hanover_000000_030781_leftImg8bit.png
testSet09,81.jpg,hanover_000000_031144_leftImg8bit.png
testSet09,82.jpg,hanover_000000_031856_leftImg8bit.png
testSet09,83.jpg,hanover_000000_032210_leftImg8bit.png
testSet09,84.jpg,hanover_000000_032351_leftImg8bit.png
testSet09,85.jpg,hanover_000000_032559_leftImg8bit.png
testSet09,86.jpg,hanover_000000_032681_leftImg8bit.png
testSet09,87.jpg,hanover_000000_033457_leftImg8bit.png
testSet09,88.jpg,hanover_000000_034015_leftImg8bit.png
testSet09,89.jpg,hanover_000000_034347_leftImg8bit.png
testSet09,9.jpg,hanover_000000_003853_leftImg8bit.png
testSet09,90.jpg,hanover_000000_034560_leftImg8bit.png
testSet09,91.jpg,hanover_000000_034720_leftImg8bit.png
testSet09,92.jpg,hanover_000000_034935_leftImg8bit.png
testSet09,93.jpg,hanover_000000_035491_leftImg8bit.png
testSet09,94.jpg,hanover_000000_035606_leftImg8bit.png
testSet09,95.jpg,hanover_000000_036051_leftImg8bit.png
testSet09,96.jpg,hanover_000000_036562_leftImg8bit.png
testSet09,97.jpg,hanover_000000_037039_leftImg8bit.png
testSet09,98.jpg,hanover_000000_037298_leftImg8bit.png
testSet09,99.jpg,hanover_000000_037516_leftImg8bit.png
